SPECIES_BINOMIAL,GENUS,SPECIES,FAMILY,IUCN_STATUS,THREATENED_STATUS,GEOGRAPHIC_REGION,MEDIAN_N_HET,MEDIAN_CALLABLE,MEDIAN_nRoH_1mb,MEDIAN_sRoH_1mb,MEDIAN_fRoH_1mb,MEDIAN_COVERAGE,REFERENCE_LENGTH,MEDIAN_HETEROZYGOSITY,GENERATION_LENGTH,MU_PER_GENERATION,MU_PER_YEAR,EFFECTIVE_POP_SIZE,CombinedTestesMass.in.g,BrainSizeSpeciesMean,Body.MassMaleMean,BodyMassFemaleMean,MassDimorphism,CanineDimorphism,MeanGroupSize,AdultMales,AdultFemale,AdultSexRatio,InterbirthInterval_days,Gestation,WeaningAge_d,MaxLongevity_m,LitterSz,GR_MidRangeLat_dd,Precip_Mean_mm,Temp_Mean_degC,AET_Mean_mm,PET_Mean_mm,HomeRange_km2,DayLength_km,Territoriality,Fruit,Leaves,Fauna,Feed,Move,Rest,Social,Mating.System,SocialSystem,NatalDispersal
Allenopithecus_nigroviridis,Allenopithecus,nigroviridis,Cercopithecidae,LC,Unthreatened,MAINLAND_AFRICA,3264818,2358786082,68,117300000,0.041547954,28.025,2823243693,0.001386205,10,3.33E-09,3.33E-10,104069,16.96,58.02,6130,3180,1928,2.21,NA,NA,NA,NA,NA,NA,106.15,276,1.01,-0.17,1574,25.2,1517.8,1589.4,NA,NA,NA,NA,NA,NA,NA,NA,NA,NA,NA,Polygynandry,Sexbiased
Allochrocebus_lhoesti,Allochrocebus,lhoesti,Cercopithecidae,VU,Threatened,MAINLAND_AFRICA,6593671.5,2409475330,48,171400000,0.06071031,28.07,2823243693,0.002737645,10,5.46E-09,5.46E-10,125350,NA,74.2,5970,3450,1730,1.84,NA,NA,NA,NA,485.45,NA,NA,192,1,-1.13,1271.3,22.6,1418.5,1597.6,NA,NA,NA,24.5,35.2,8.8,NA,NA,NA,11.4,Harem_Polygyny,Polygyny,Sexbiased
Allochrocebus_preussi,Allochrocebus,preussi,Cercopithecidae,EN,Threatened,MAINLAND_AFRICA,7207080,2412708198,114,221600000,0.078491276,29.16,2823243693,0.002987133,10,4.91E-09,4.91E-10,152094,NA,NA,NA,NA,NA,1.774,NA,NA,NA,NA,NA,NA,NA,312,1.02,4.78,2348.2,24.5,1255.2,1565.5,NA,NA,NA,51.9,41.4,1,NA,NA,NA,NA,NA,Polygyny,Sexbiased
Allochrocebus_solatus,Allochrocebus,solatus,Cercopithecidae,NT,Unthreatened,MAINLAND_AFRICA,8111551,2366147578,114,454800000,0.161091301,26.61,2823243693,0.003428168,10,4.39E-09,4.39E-10,195226,NA,NA,6890,3920,1758,NA,NA,NA,NA,NA,547.5,NA,NA,NA,1.01,-0.8,1734.9,24.8,1278.6,1502.7,NA,NA,NA,NA,NA,NA,NA,NA,NA,NA,NA,Polygyny,Sexbiased
Alouatta_belzebul,Alouatta,belzebul,Atelidae,VU,Threatened,AMERICAS,4780424,2200207707,29,63800000,0.023779096,27.18,2683028796,0.002172715,12,8.54E-09,7.12E-10,63604,NA,52.84,7270,5520,1317,1.811,7,1,1,1,NA,NA,NA,NA,NA,-6.8,1643.5,24.9,1286.6,1549.8,NA,NA,NA,57.3,19.1,0,13.75,18.75,57.3,10,NA,NA,NA
Alouatta_caraya,Alouatta,caraya,Atelidae,NT,Unthreatened,AMERICAS,3202657.5,2112248572,107,321000000,0.119640907,24.795,2683028796,0.001506773,12,7.65E-09,6.38E-10,49241,18.37,52.63,6525,4240,1539,1.542,8,2.3,3.3,1.43,337.62,187,323.16,243.6,1.01,-20.34,1166.4,22.9,1193.1,1404.9,NA,0.4,NA,23.8,67.7,0,15.9,17.6,61.6,4.9,Harem_Polygyny,Polygynandry,Bisexual
Alouatta_discolor,Alouatta,discolor,Atelidae,VU,Threatened,AMERICAS,5379670.5,2193395711,69,277400000,0.103390616,28.285,2683028796,0.002452867,12,1.04E-08,8.67E-10,58963,NA,NA,NA,NA,NA,NA,NA,NA,NA,NA,NA,NA,NA,NA,NA,NA,NA,NA,NA,NA,NA,NA,NA,NA,NA,NA,NA,NA,NA,NA,NA,NA,NA
Alouatta_juara,Alouatta,juara,Atelidae,LC,Unthreatened,AMERICAS,6010465.5,2195729770,33,50400000,0.018784741,35.015,2683028796,0.002738039,11,8.02E-09,7.29E-10,85350,NA,NA,NA,NA,NA,NA,NA,NA,NA,NA,NA,NA,NA,NA,NA,NA,NA,NA,NA,NA,NA,NA,NA,NA,NA,NA,NA,NA,NA,NA,NA,NA,NA
Alouatta_macconnelli,Alouatta,macconnelli,Atelidae,LC,Unthreatened,AMERICAS,5315059,2198897789,53,109200000,0.040700271,29.59,2683028796,0.002420172,12,9.52E-09,7.93E-10,63555,NA,NA,NA,NA,NA,NA,NA,NA,NA,NA,NA,NA,NA,NA,NA,NA,NA,NA,NA,NA,NA,NA,NA,NA,NA,NA,NA,NA,NA,NA,NA,NA,NA
Alouatta_nigerrima,Alouatta,nigerrima,Atelidae,LC,Unthreatened,AMERICAS,6796500.5,2201649030,16.5,48900000,0.018225671,28.75,2683028796,0.003087021,11,8.20E-09,7.45E-10,94116,NA,NA,NA,NA,NA,NA,NA,NA,NA,NA,NA,NA,NA,NA,NA,NA,NA,NA,NA,NA,NA,NA,NA,NA,NA,NA,NA,NA,NA,NA,NA,NA,NA
Alouatta_palliata,Alouatta,palliata,Atelidae,VU,Threatened,AMERICAS,921702,2219370858,465,1338400000,0.498839223,36.81,2683028796,0.000415299,9.79,5.58E-09,5.70E-10,18607,24,49.88,7150,5350,1336,1.703,12,2.9,6.3,2.17,684.37,186,495.6,300,1.02,6.95,1852.6,23.7,1300,1633.9,0.19,0.32,0.6506,33.1,56.4,0,17.94,12.32,66.14,3.64,Harem_Polygyny,Polygynandry,Bisexual
Alouatta_puruensis,Alouatta,puruensis,Atelidae,VU,Threatened,AMERICAS,4714780,2204642916,105,311000000,0.115913776,30.97,2683028796,0.002149982,10.7,7.99E-09,7.47E-10,67271,NA,NA,NA,NA,NA,NA,NA,NA,NA,NA,NA,NA,NA,NA,NA,NA,NA,NA,NA,NA,NA,NA,NA,NA,NA,NA,NA,NA,NA,NA,NA,NA,NA
Alouatta_seniculus,Alouatta,seniculus,Atelidae,LC,Unthreatened,AMERICAS,6051253,2201414715,42,74400000,0.027729855,30.56,2683028796,0.002744079,11,1.01E-08,9.18E-10,67923,3.75,55.22,6690,5210,1284,1.464,7.1,1.7,2.2,1.29,507.35,190,370.04,300,1.42,0.68,1823.4,25.1,1449.8,1574.9,0.1,0.55,1.5414,40,48.1,0,12.7,6.2,78.5,2.5,Harem_Polygyny,Polygynandry,Bisexual
Aotus_azarae,Aotus,azarae,Aotidae,LC,Unthreatened,AMERICAS,2147913.5,2296051863,515.5,996700000,0.348293331,36.365,2861668348,0.000936186,9,4.77E-09,5.30E-10,49066,NA,20.67,1180,1230,959,NA,3.1,1,1,1,365,NA,229.69,360,1,-17.05,1010.9,24.6,1186.2,1410.8,0.95,NA,NA,45,41,NA,NA,NA,NA,NA,Monogamy,Pair,Bisexual
Aotus_griseimembra,Aotus,griseimembra,Aotidae,VU,Threatened,AMERICAS,4050793.5,2288871185,168,525700000,0.183704027,38.275,2861668348,0.001770461,8,4.81E-09,6.01E-10,92020,NA,NA,NA,NA,NA,NA,NA,NA,NA,NA,NA,NA,NA,NA,NA,NA,NA,NA,NA,NA,NA,NA,NA,NA,NA,NA,NA,NA,NA,NA,NA,NA,Bisexual
Aotus_trivirgatus,Aotus,trivirgatus,Aotidae,LC,Unthreatened,AMERICAS,2766158,2288027661,344,558600000,0.195200817,33.25,2861668348,0.001208971,10,5.37E-09,5.37E-10,56284,1.2,16.85,1044.4,933.3,1119,1.11,2.9,1,1,1,271,142,76.21,303.6,1.06,4.15,1786,24.8,1488.1,1676.3,0.02,0.66,4.1359,45.5,10,15,NA,NA,NA,NA,Monogamy,Pair,Bisexual
Aotus_vociferans,Aotus,vociferans,Aotidae,LC,Unthreatened,AMERICAS,8230863,2289858300,9,16200000,0.005661033,32.79,2861668348,0.003597122,8,4.54E-09,5.68E-10,198079,NA,NA,708,698,1014,NA,3.3,1,1,1,NA,NA,NA,265.2,1.02,1.06,2174.4,25.3,1476.4,1511.6,NA,NA,NA,NA,NA,NA,NA,NA,NA,NA,NA,NA,NA
Arctocebus_calabarensis,Arctocebus,calabarensis,Lorisidae,NT,Unthreatened,MAINLAND_AFRICA,2482242,1630415318,65,137600000,0.048654022,24.44,2828132058,0.00152246,4.6,4.76E-09,1.03E-09,79961,NA,6.92,312,306,1020,1,NA,NA,NA,NA,144.47,133,109.26,156,1.01,5.52,1844.4,24.8,1218,1530.3,NA,NA,NA,NA,NA,NA,NA,NA,NA,NA,Spatial_Polygyny,Solitary,Bisexual
Ateles_belzebuth,Ateles,belzebuth,Atelidae,EN,Threatened,AMERICAS,6917376.5,2353227927,113.5,195900000,0.073014498,34.315,2683028796,0.002939515,15,8.94E-09,5.96E-10,82201,NA,117.02,7850,8484.4,925,NA,22.125,4.25,8.75,2.06,1095,184,NA,336,1.02,-0.44,2270.1,25.8,1493.3,1513,2.28,2.3,1.3499,82.7,9,0.4,18.97,23.53,54.73,2.73,Polygynandry,Polygynandry,Sexbiased
Ateles_chamek,Ateles,chamek,Atelidae,EN,Threatened,AMERICAS,5001694.5,2367268231,37,67400000,0.025120863,33.375,2683028796,0.002161421,15,1.07E-08,7.13E-10,50500,NA,NA,NA,NA,NA,NA,NA,NA,NA,NA,NA,NA,NA,NA,NA,NA,NA,NA,NA,NA,NA,NA,NA,NA,NA,NA,NA,NA,NA,NA,NA,NA,NA
Ateles_geoffroyi,Ateles,geoffroyi,Atelidae,EN,Threatened,AMERICAS,5149034,2384758438,45,124600000,0.046440053,36.23,2683028796,0.002159143,15,6.86E-09,4.57E-10,78686,13.4,105.09,7780,7290,1067,1.579,15,NA,4.1,NA,1048.15,232,816.35,327.6,1.01,12.38,1539.3,24.3,1344.1,1624.9,0.73,1.7,1.7633,76.8,14.9,1.4,33.5,32.6,24.1,9.8,Polygynandry,Polygynandry,Sexbiased
Ateles_marginatus,Ateles,marginatus,Atelidae,EN,Threatened,AMERICAS,4747049,2292986127,64,142400000,0.053074347,41.51,2683028796,0.002070248,15,1.08E-08,7.20E-10,47922,NA,NA,NA,NA,NA,NA,NA,NA,NA,NA,NA,NA,NA,NA,NA,NA,NA,NA,NA,NA,NA,NA,NA,NA,NA,NA,NA,NA,NA,NA,NA,NA,NA
Ateles_paniscus,Ateles,paniscus,Atelidae,VU,Threatened,AMERICAS,2753806,2333642013,75,137900000,0.051397138,31.98,2683028796,0.001179504,15,8.32E-09,5.55E-10,35442,64.23,103.85,8490,8070,1052,1.567,18.2,4,2.3,0.58,1072.18,229,805.41,453.6,1,2.06,1576.9,25.6,1456.6,1696.9,1.36,2.4,1.8238,79.8,7.9,0.1,NA,NA,NA,0.9,Polygynandry,Polygynandry,Sexbiased
Avahi_laniger,Avahi,laniger,Indriidae,VU,Threatened,MADAGASCAR,8280899,1743312631,9,16600000,0.005932487,27.94,2798152141,0.004750094,10,7.89E-09,7.89E-10,150510,2.09,9.86,1106,1307,846,0.942,3,1,1,1,365,136.15,149.15,NA,1.01,-19.63,1769,19.7,1334.1,1600.1,0.01,0.46,4.0766,NA,NA,NA,NA,NA,NA,NA,Monogamy,Pair,Bisexual
Cacajao_ayresi,Cacajao,ayresi,Pitheciidae,LC,Unthreatened,AMERICAS,1435645,2334966266,327,544600000,0.200114666,33.74,2721439713,0.000614846,10,1.05E-08,1.05E-09,14639,NA,NA,NA,NA,NA,NA,NA,NA,NA,NA,NA,NA,NA,NA,NA,NA,NA,NA,NA,NA,NA,NA,NA,NA,NA,NA,NA,NA,NA,NA,NA,NA,NA
Cacajao_calvus,Cacajao,calvus,Pitheciidae,VU,Threatened,AMERICAS,2864874,2328999121,123,210200000,0.077238529,33.54,2721439713,0.001229204,10,5.10E-09,5.10E-10,60255,5.8,76,3450,2880,1198,1.255,48,16,16,1,775.62,182,339.29,324,1.01,-5.73,2118.6,25.5,1516,1535.6,5.25,3.75,1.4504,18.4,3.3,5.2,NA,NA,NA,NA,Harem_Polygyny,Polygynandry,NA
Cacajao_hosomi,Cacajao,hosomi,Pitheciidae,VU,Threatened,AMERICAS,2080304,2315443861,103.5,159800000,0.05871892,30.46,2721439713,0.000898627,10,7.97E-09,7.97E-10,28188,NA,NA,NA,NA,NA,NA,NA,NA,NA,NA,NA,NA,NA,NA,NA,NA,NA,NA,NA,NA,NA,NA,NA,NA,NA,NA,NA,NA,NA,NA,NA,NA,NA
Cacajao_melanocephalus,Cacajao,melanocephalus,Pitheciidae,LC,Unthreatened,AMERICAS,2282721,2328154034,73,177400000,0.065186085,33.31,2721439713,0.000980569,10,8.99E-09,8.99E-10,27268,NA,68.77,3160,2710,1166,NA,NA,NA,NA,NA,NA,NA,NA,216,1,0.53,2310.2,25.1,1581,1597.1,NA,NA,NA,28.8,4,2,NA,NA,NA,NA,NA,NA,NA
Callimico_goeldii,Callimico,goeldii,Callitrichidae,VU,Threatened,AMERICAS,2877777,2225419532,105,187600000,0.065505889,22.51,2863864636,0.001293139,6,3.84E-09,6.40E-10,84189,NA,11.43,499,468,1066,NA,7.2,1,2,2,182.5,153,66.53,214.8,1.05,-5.33,2091.9,26,1476.2,1518.1,0.32,2,3.1333,29,0,34,14,17,66,3,Monogamy,Pair,Bisexual
Callithrix_geoffroyi,Callithrix,geoffroyi,Callitrichidae,LC,Unthreatened,AMERICAS,8140370,2366526309,3,3200000,0.001117371,22.66,2863864636,0.003439797,6,6.27E-09,1.05E-09,137153,NA,NA,NA,NA,NA,NA,5,2,1,0.5,NA,NA,NA,211.2,NA,NA,NA,NA,NA,NA,NA,NA,NA,NA,NA,NA,NA,NA,NA,2.8,Monogamy,Pair,Bisexual
Callithrix_jacchus,Callithrix,jacchus,Callitrichidae,LC,Unthreatened,AMERICAS,2782447,2303262483,183,394600000,0.137785842,21.36,2863864636,0.001208046,6,8.41E-09,1.40E-09,35911,1.3,7.24,318,322,988,1.056,11,2.3,2.9,1.26,159.8,144,60.24,201.6,2.31,-6.58,993.9,25,912.7,1488.6,0.02,0.88,5.5146,22,0,11,43,14,30,14,Polyandry,Pair,Bisexual
Callithrix_kuhlii,Callithrix,kuhlii,Callitrichidae,VU,Threatened,AMERICAS,6933970,2465881357,3,5800000,0.002025235,25.27,2863864636,0.002811964,6,6.92E-09,1.15E-09,101588,NA,NA,NA,NA,NA,NA,5,2,1,0.5,NA,NA,NA,240,NA,NA,NA,NA,NA,NA,NA,NA,NA,NA,NA,NA,NA,NA,NA,NA,NA,Pair,Bisexual
Carlito_syrichta,Carlito,syrichta,Tarsiidae,NT,Unthreatened,ASIA,5772899,2551702192,1,1000000,0.000289531,27.64,3453864774,0.002262372,7.5,7.58E-09,1.01E-09,74616,NA,3.36,134,117,1145,NA,NA,NA,NA,NA,NA,179,82.49,180,1.01,9.07,1831,24.1,1565.2,1739.4,0.048,1.38,5.5822,NA,NA,NA,NA,NA,NA,NA,Spatial_Polygyny,Solitary,Bisexual
Cebuella_niveiventris,Cebuella,niveiventris,Callitrichidae,VU,Threatened,AMERICAS,2548214,2445392447,176,501500000,0.175113025,30.495,2863864636,0.001042029,6.5,6.04E-09,9.29E-10,43130,NA,NA,NA,NA,NA,NA,NA,NA,NA,NA,NA,NA,NA,NA,NA,NA,NA,NA,NA,NA,NA,NA,NA,NA,NA,NA,NA,NA,NA,NA,NA,NA,NA
Cebuella_pygmaea,Cebuella,pygmaea,Callitrichidae,VU,Threatened,AMERICAS,3477302,2449447636,64,126600000,0.044206,27.24,2863864636,0.001419627,6.5,5.75E-09,8.85E-10,61723,0.33,4.17,110,122,902,1.034,2,1.5,1,0.67,182.5,125,90.73,181.2,1.93,-5.96,2085.3,25.6,1483.2,1526.1,0.002,0.29,5.5846,NA,NA,NA,NA,NA,NA,NA,Polyandry,Pair,Bisexual
Cebus_albifrons,Cebus,albifrons,Cebidae,LC,Unthreatened,AMERICAS,4028401,2360796463,79,165400000,0.057541598,28.02,2874442237,0.00170746,15,1.32E-08,8.80E-10,32338,NA,65.45,3180,2290,1389,NA,25.1,3.8,6.5,1.71,547.5,158,270.32,528,1.01,-0.82,1929.9,25.3,1466.7,1559.7,0.53,1.8,2.1912,24.6,20,10,NA,NA,NA,NA,Polygynandry,Polygynandry,Sexbiased
Cebus_olivaceus,Cebus,olivaceus,Cebidae,LC,Unthreatened,AMERICAS,3582064,2361562884,87.5,171400000,0.05962896,29.76,2874442237,0.001517172,17,1.25E-08,7.35E-10,30343,NA,69.84,3229.2,2633.3,1226,1.573,21,3.5,6.9,1.97,792.05,162,725.86,492,1.01,4.78,1555.2,24.9,1476.6,1703.1,1.7,2.3,1.5633,48,8,36,NA,NA,NA,1.7,Polygynandry,Polygynandry,NA
Cebus_unicolor,Cebus,unicolor,Cebidae,VU,Threatened,AMERICAS,5022214,2363972627,31.5,75200000,0.026161597,27.575,2874442237,0.002124351,16,1.45E-08,9.06E-10,36627,NA,NA,NA,NA,NA,NA,NA,NA,NA,NA,NA,NA,NA,NA,NA,NA,NA,NA,NA,NA,NA,NA,NA,NA,NA,NA,NA,NA,NA,NA,NA,NA,NA
Cephalopachus_bancanus,Cephalopachus,bancanus,Tarsiidae,EN,Threatened,ASIA,6994881,2391074661,8,10800000,0.003126932,29.3,3453864774,0.002925413,7.5,7.46E-09,9.95E-10,98037,NA,3.16,128,123,1041,NA,NA,NA,NA,NA,240.29,178,78.55,144,1,0.56,2563.9,24.7,1702.8,1734.7,0.04,1.8,7.976,NA,NA,NA,NA,NA,NA,NA,Spatial_Polygyny,Solitary,Bisexual
Cercocebus_chrysogaster,Cercocebus,chrysogaster,Cercopithecidae,EN,Threatened,MAINLAND_AFRICA,4601133,2382275450,110,172000000,0.060388035,29.71,2848246356,0.001931403,10,3.36E-09,3.36E-10,143706,NA,NA,NA,NA,NA,NA,NA,NA,NA,NA,NA,NA,NA,NA,NA,NA,NA,NA,NA,NA,NA,NA,NA,NA,NA,NA,NA,NA,NA,NA,NA,NA,NA
Cercocebus_lunulatus,Cercocebus,lunulatus,Cercopithecidae,EN,Threatened,MAINLAND_AFRICA,6143337,2396578487,19,27200000,0.009549736,32.51,2848246356,0.002563378,9,5.80E-09,6.44E-10,110490,NA,NA,NA,NA,NA,NA,NA,NA,NA,NA,NA,NA,NA,NA,NA,NA,NA,NA,NA,NA,NA,NA,NA,NA,NA,NA,NA,NA,NA,NA,NA,NA,NA
Cercocebus_torquatus,Cercocebus,torquatus,Cercopithecidae,EN,Threatened,MAINLAND_AFRICA,5391239,2384801468,0.5,500000,0.000175547,34.2,2848246356,0.002260819,9,5.13E-09,5.70E-10,110176,NA,105.99,9470,5500,1722,NA,26.9,NA,NA,NA,434.35,167,NA,360,1.01,4.2,1756.2,25.2,1238.3,1560.8,NA,NA,NA,NA,13,2,NA,NA,NA,NA,NA,Polygynandry,Sexbiased
Cercopithecus_ascanius,Cercopithecus,ascanius,Cercopithecidae,LC,Unthreatened,MAINLAND_AFRICA,16340337,2348276404,16,54500000,0.019512534,26.855,2793076453,0.00713517,12,6.04E-09,5.03E-10,295330,3,59.58,4527.6,2901,1561,1.56,28.8,1,8.5,8.5,1580.45,147,146.54,339.6,1.01,-2.71,1310.1,23.7,1302.5,1551.8,0.16,1.5,3.3233,54.8,14.2,23.3,34,17,10,NA,Harem_Polygyny,Polygyny,Sexbiased
Cercopithecus_cephus,Cercopithecus,cephus,Cercopithecidae,LC,Unthreatened,MAINLAND_AFRICA,16871410,2369636690,11,43000000,0.015395211,28.25,2793076453,0.007084097,8,4.45E-09,5.56E-10,397983,NA,65.26,4290,2880,1490,1.702,8,1,3,3,821,172,362.93,276,1.01,-0.42,1498.7,24.4,1299.9,1499.8,0.24,NA,NA,72.5,8.5,11,NA,NA,NA,NA,Harem_Polygyny,Polygyny,Sexbiased
Cercopithecus_diana,Cercopithecus,diana,Cercopithecidae,EN,Threatened,MAINLAND_AFRICA,11165353,2336754060,26,95600000,0.034227491,31.44,2793076453,0.004778146,9,3.91E-09,4.34E-10,305508,NA,62.61,5200,3900,1333,1.618,24,1,7,7,365,NA,362.93,447.6,1.01,6.65,2375.7,24.8,1328.4,1541.7,1.25,1.6,1.2683,58.5,15.8,15.9,28.1,27.7,24.4,7.3,Harem_Polygyny,Polygyny,Sexbiased
Cercopithecus_hamlyni,Cercopithecus,hamlyni,Cercopithecidae,VU,Threatened,MAINLAND_AFRICA,11058331,2300791758,0,0,0,30.94,2793076453,0.004806315,10,3.52E-09,3.52E-10,341358,NA,65.9,5490,3360,1634,NA,NA,NA,NA,NA,NA,NA,NA,343.2,NA,NA,NA,NA,NA,NA,NA,NA,NA,NA,NA,NA,NA,NA,NA,NA,NA,Polygyny,Sexbiased
Cercopithecus_lowei,Cercopithecus,lowei,Cercopithecidae,VU,Threatened,MAINLAND_AFRICA,15264502,2362172193,0,0,0,30.24,2793076453,0.006462062,9,4.81E-09,5.34E-10,335866,NA,NA,NA,NA,NA,NA,NA,NA,NA,NA,NA,NA,NA,NA,NA,NA,NA,NA,NA,NA,NA,NA,NA,NA,NA,NA,NA,NA,NA,NA,NA,NA,Sexbiased
Cercopithecus_mitis,Cercopithecus,mitis,Cercopithecidae,LC,Unthreatened,MAINLAND_AFRICA,8195440,2348845385,88.5,273300000,0.097849094,28.805,2793076453,0.003448373,13,7.91E-09,6.08E-10,108988,NA,71.33,7590.6,4628,1640,1.97,18.6,1,8.8,8.8,565.75,132,688.08,325.2,1,-1.9,1090.8,22.1,1116.2,1528.5,0.1,1,2.8025,51.6,20.4,17.5,39.7,19.4,27.6,9.5,Harem_Polygyny,Polygynandry,Sexbiased
Cercopithecus_mona,Cercopithecus,mona,Cercopithecidae,NT,Unthreatened,MAINLAND_AFRICA,8274864,2368617660,11,17200000,0.006158084,28.64,2793076453,0.003493541,11,5.61E-09,5.10E-10,155684,NA,61.84,4705,2733,1722,1.9,4.8,1,1.9,1.9,NA,NA,NA,360,1,NA,NA,NA,NA,NA,NA,NA,NA,NA,NA,NA,NA,NA,NA,NA,Harem_Polygyny,Polygyny,Sexbiased
Cercopithecus_neglectus,Cercopithecus,neglectus,Cercopithecidae,LC,Unthreatened,MAINLAND_AFRICA,5099505.5,2363392912,106.5,209200000,0.074899489,28.815,2793076453,0.002152725,12,4.99E-09,4.16E-10,107852,NA,65.97,7350,4130,1780,1.776,4.5,1.5,1.5,1,584,177,417.62,315.6,1.02,-1.11,1382.9,24.1,1329.5,1559.7,0.06,0.42,1.5196,74.4,9.1,4.7,NA,NA,NA,NA,Harem_Polygyny,Polygyny,Sexbiased
Cercopithecus_nictitans,Cercopithecus,nictitans,Cercopithecidae,NT,Unthreatened,MAINLAND_AFRICA,10704573,2397297987,21,56300000,0.020156985,31.15,2793076453,0.004465042,9,4.82E-09,5.36E-10,231589,NA,71.13,6670,4260,1566,1.613,13,1,5,5,719,172,NA,276,1,1.69,1482.7,24.7,1267.2,1553.9,1.15,1.5,1.2396,75.6,14.3,4,NA,NA,NA,NA,Harem_Polygyny,Polygyny,Sexbiased
Cercopithecus_petaurista,Cercopithecus,petaurista,Cercopithecidae,NT,Unthreatened,MAINLAND_AFRICA,8570518,2354175957,29,90200000,0.032294139,27.33,2793076453,0.00364056,11,4.97E-09,4.52E-10,183127,NA,55.08,4300,2918.2,1474,1.777,11.3,1.16,5.67,4.89,NA,NA,NA,228,1.02,8.93,1677.7,25.9,1205.3,1560,NA,NA,NA,33.6,39.7,12.3,34.3,25.6,23.8,5.4,NA,Polygyny,Sexbiased
Cercopithecus_pogonias,Cercopithecus,pogonias,Cercopithecidae,NT,Unthreatened,MAINLAND_AFRICA,10390415,2378482569,0,0,0,28.46,2793076453,0.004368506,9,3.90E-09,4.33E-10,280032,NA,59.56,4260,2900,1469,1.652,13,1,5,5,730,165,NA,289.2,1.01,1.53,1460.5,24.5,1269.6,1538.7,1.15,1.75,1.4462,74.5,4,11.5,NA,NA,NA,NA,Harem_Polygyny,Polygyny,NA
Cercopithecus_roloway,Cercopithecus,roloway,Cercopithecidae,CR,Threatened,MAINLAND_AFRICA,10835084,2344538863,1,1000000,0.000358028,35.53,2793076453,0.004621414,9,3.33E-09,3.70E-10,346953,NA,NA,NA,NA,NA,NA,NA,NA,NA,NA,NA,NA,NA,NA,NA,NA,NA,NA,NA,NA,NA,NA,NA,NA,NA,NA,NA,NA,NA,NA,NA,NA,NA
Cheirogaleus_major,Cheirogaleus,major,Cheirogaleidae,VU,Threatened,MADAGASCAR,8432184,1731958454,13,21600000,0.008683794,33.55,2487392024,0.004868583,8,3.35E-09,4.19E-10,363327,NA,5.81,438,362,1210,NA,1,1,1,NA,NA,65,47.14,180,2.26,-18.76,1676.3,20.3,1320.2,1592.7,0.02,NA,NA,NA,NA,NA,NA,NA,NA,NA,Spatial_Polygyny,Solitary,Bisexual
Cheirogaleus_medius,Cheirogaleus,medius,Cheirogaleidae,VU,Threatened,MADAGASCAR,2361906,1732945184,210,692600000,0.278444247,35.14,2487392024,0.001362943,7,2.85E-09,4.07E-10,119556,1.12,2.6,140,139,1007,0.942,1,1,1,NA,365,61,60.65,231.6,2.04,-19.03,850.8,24,899.7,1625.8,0.02,NA,NA,NA,NA,NA,NA,NA,NA,NA,Monogamy,Solitary,Bisexual
Cheracebus_lucifer,Cheracebus,lucifer,Pitheciidae,LC,Unthreatened,AMERICAS,6039969,2222415832,33.5,65200000,0.023957907,27.395,2721439713,0.002754162,9,4.88E-09,5.42E-10,141094,NA,NA,NA,NA,NA,NA,NA,NA,NA,NA,NA,NA,NA,NA,NA,NA,NA,NA,NA,NA,NA,NA,NA,NA,NA,NA,NA,NA,NA,NA,NA,NA,NA
Cheracebus_lugens,Cheracebus,lugens,Pitheciidae,LC,Unthreatened,AMERICAS,2725750.5,2226285184,38.5,62700000,0.023039276,29.09,2721439713,0.001221662,8,3.91E-09,4.89E-10,78111,NA,NA,NA,NA,NA,NA,NA,NA,NA,NA,NA,NA,NA,NA,NA,NA,NA,NA,NA,NA,NA,NA,NA,NA,NA,NA,NA,NA,NA,NA,NA,NA,NA
Cheracebus_regulus,Cheracebus,regulus,Pitheciidae,LC,Unthreatened,AMERICAS,2649619.5,2224045184,14.5,20400000,0.007496032,29.295,2721439713,0.001191351,8,6.77E-09,8.46E-10,43994,NA,NA,NA,NA,NA,NA,NA,NA,NA,NA,NA,NA,NA,NA,NA,NA,NA,NA,NA,NA,NA,NA,NA,NA,NA,NA,NA,NA,NA,NA,NA,NA,NA
Cheracebus_torquatus,Cheracebus,torquatus,Pitheciidae,LC,Unthreatened,AMERICAS,4664533,2227262396,33,80400000,0.029543186,35.34,2721439713,0.00209429,8,5.77E-09,7.21E-10,90740,NA,NA,1280,1210,1058,1.059,4.8,1,1,1,NA,NA,NA,NA,NA,NA,NA,NA,NA,NA,0.29,0.8,1.3165,71.3,4,20,NA,NA,NA,1.4,Monogamy,Pair,NA
Chiropotes_albinasus,Chiropotes,albinasus,Pitheciidae,VU,Threatened,AMERICAS,2797861,2324417266,74,171800000,0.06312835,28.61,2721439713,0.001202613,10,6.04E-09,6.04E-10,49777,NA,NA,NA,NA,NA,NA,NA,NA,NA,NA,NA,NA,NA,NA,NA,NA,NA,NA,NA,NA,NA,NA,NA,NA,NA,NA,NA,NA,NA,NA,NA,NA,NA
Chiropotes_israelita,Chiropotes,israelita,Pitheciidae,DD,DD,AMERICAS,3781315.5,2329705165,104,169800000,0.062393445,30.765,2721439713,0.001624909,10,8.70E-09,8.70E-10,46693,NA,NA,NA,NA,NA,NA,NA,NA,NA,NA,NA,NA,NA,NA,NA,NA,NA,NA,NA,NA,NA,NA,NA,NA,NA,NA,NA,NA,NA,NA,NA,NA,NA
Chiropotes_sagulatus,Chiropotes,sagulatus,Pitheciidae,LC,Unthreatened,AMERICAS,4717816.5,2319112587,78.5,133400000,0.049018172,31.345,2721439713,0.002030293,10,8.29E-09,8.29E-10,61227,NA,NA,NA,NA,NA,NA,NA,NA,NA,NA,NA,NA,NA,NA,NA,NA,NA,NA,NA,NA,NA,NA,NA,NA,NA,NA,NA,NA,NA,NA,NA,NA,NA
Chlorocebus_pygerythrus,Chlorocebus,pygerythrus,Cercopithecidae,LC,Unthreatened,MAINLAND_AFRICA,7325286,2463472832,12,40800000,0.014451462,46.58,2823243693,0.002973561,11,4.53E-09,4.12E-10,164104,20.6,62.58,5071.2,3575.8,1418,NA,NA,NA,NA,NA,NA,NA,NA,NA,NA,NA,NA,NA,NA,NA,NA,NA,NA,NA,NA,NA,NA,NA,NA,NA,Polygynandry,Polygynandry,Sexbiased
Colobus_angolensis,Colobus,angolensis,Cercopithecidae,VU,Threatened,MAINLAND_AFRICA,3347141,2140193827,108,300000000,0.101231563,17.79,2963502603,0.001563943,11,4.79E-09,4.35E-10,81625,NA,77.7,9680,7570,1279,1.845,18.25,3.5,7,2,NA,NA,NA,423.6,1.01,-4.16,1229.1,23.3,1225.3,1538.5,3.71,0.983,0.4523,22.6,53.3,0,37.5,34.5,22,5,Harem_Polygyny,Polygynandry,Bisexual
Colobus_guereza,Colobus,guereza,Cercopithecidae,LC,Unthreatened,MAINLAND_AFRICA,3299516,2483717329,115,468800000,0.158191189,28.52,2963502603,0.001328459,12,6.62E-09,5.52E-10,50168,3.447,74.39,9673,7505.6,1289,1.459,12,1.5,2.9,1.93,486.66,175,387.79,294,1,5.15,1089.2,23.2,1126.5,1560.5,0.3,0.48,0.735,19,73,0,57.5,21.25,10.25,8.25,Harem_Polygyny,Polygynandry,Sexbiased
Colobus_polykomos,Colobus,polykomos,Cercopithecidae,EN,Threatened,MAINLAND_AFRICA,6270141,2462235897,74,460000000,0.15522173,25.98,2963502603,0.002546523,10,5.58E-09,5.58E-10,114092,10.7,73.83,9900,8300,1193,1.77,11,4,4,1,442.41,185,213.78,366,1,9.06,1807.6,25.7,1090.5,1514.6,0.5,0.57,0.7108,41.5,53.5,0,61,28,9,1,Harem_Polygyny,Polygynandry,Bisexual
Daubentonia_madagascariensis,Daubentonia,madagascariensis,Daubentoniidae,EN,Threatened,MADAGASCAR,1352602,2184546662,85,187400000,0.077693056,32.82,2412055963,0.000619168,10,4.42E-09,4.42E-10,35021,NA,44.85,2620,2490,1052,NA,1,1,1,NA,760.41,167,197.7,291.6,1.01,-18.79,1491.3,21.7,1216.3,1601.3,0.356,2.95,4.3817,NA,NA,NA,NA,NA,NA,NA,Spatial_Polygyny,Solitary,Bisexual
Erythrocebus_patas,Erythrocebus,patas,Cercopithecidae,NT,Unthreatened,MAINLAND_AFRICA,4012487.5,2400530834,12,24300000,0.007846482,24.21,3096929461,0.001671267,10,4.93E-09,4.93E-10,84750,7.2,97.73,12400,6500,1908,2.132,28.2,1.5,10.4,6.93,365,167,211.79,286.8,1.01,7.97,733.9,26.4,760.4,1596.5,28.24,3.2,0.5337,10,2,36,NA,NA,NA,NA,Harem_Polygyny,Polygyny,Sexbiased
Eulemur_albifrons,Eulemur,albifrons,Lemuridae,VU,Threatened,MADAGASCAR,9305476,1820697167,70,194000000,0.091408034,35.89,2122351751,0.005110941,8,3.16E-09,3.95E-10,404347,NA,21.45,2390,2281,1048,NA,9,3.5,3,0.86,NA,NA,NA,NA,NA,NA,NA,NA,NA,NA,0.13,0.9825,2.4149,69,11.5,NA,22,22,56,NA,NA,Polygynandry,Sexbiased
Eulemur_collaris,Eulemur,collaris,Lemuridae,EN,Threatened,MADAGASCAR,3016324,1820739207,108,344600000,0.162367053,44.44,2122351751,0.001657398,8,3.81E-09,4.76E-10,108753,NA,NA,NA,NA,NA,NA,7,3,2.5,0.83,NA,NA,NA,NA,NA,NA,NA,NA,NA,NA,0.7,2.5,2.6481,79.4,5.2,NA,23.4,18.4,55.7,NA,NA,Polygynandry,Sexbiased
Eulemur_coronatus,Eulemur,coronatus,Lemuridae,EN,Threatened,MADAGASCAR,4102516.5,1817852204,62,147300000,0.069404141,37.695,2122351751,0.002256958,8.4,3.54E-09,4.21E-10,159390,6.96,20.65,1280,1080,1185,1.116,9.25,4.13,3.75,0.91,NA,126,NA,220.8,1.53,-13.06,1050.9,23.8,1253.3,1528,0.123,0.912,2.3046,81.9,3.3,NA,19.4,7,44,4.3,Polygynandry,Polygynandry,Bisexual
Eulemur_flavifrons,Eulemur,flavifrons,Lemuridae,CR,Threatened,MADAGASCAR,3219377,1820381662,86,356000000,0.167738453,44.56,2122351751,0.001768526,8,4.47E-09,5.59E-10,98911,NA,NA,NA,NA,NA,NA,NA,NA,NA,NA,NA,NA,NA,NA,NA,NA,NA,NA,NA,NA,NA,NA,NA,NA,NA,NA,NA,NA,NA,NA,NA,Polygynandry,Bisexual
Eulemur_fulvus,Eulemur,fulvus,Lemuridae,VU,Threatened,MADAGASCAR,11401891,1821087455,15,171000000,0.080570999,44.27,2122351751,0.006261034,8,2.56E-09,3.20E-10,611429,20.489,25.77,2250,2333.3,964,1.176,8.9,3,3.5,1.17,547.5,118,134.64,444,1.1,-16.64,1561.3,21.4,1179.3,1588.5,0.162,0.447,0.9842,68.7,25.6,0,18.4,15.6,58.9,2.48,Polygynandry,Polygynandry,Sexbiased
Eulemur_macaco,Eulemur,macaco,Lemuridae,EN,Threatened,MADAGASCAR,3945270.5,1819976441,86.5,246800000,0.116286096,38.75,2122351751,0.002167767,8.8,5.46E-09,6.20E-10,99257,16.65,24.51,2350,2430,967,1.02,10,3.4,3.1,0.91,365,127,143.28,360,1.04,-13.94,1341.9,22.3,1188.6,1717.6,0.053,NA,NA,64.3,23,0,13.6,16.4,62.8,NA,Polygynandry,Polygynandry,Bisexual
Eulemur_mongoz,Eulemur,mongoz,Lemuridae,CR,Threatened,MADAGASCAR,2726246,1816776174,252,710800000,0.334911496,32.5,2122351751,0.001500595,8,2.72E-09,3.40E-10,137922,12.25,20.17,1143.3,1281.5,892,1.197,2.93,1,1,1,365,128,151.13,360,1.11,-16.11,1258.8,26.2,932.2,1603.7,0.042,0.712,3.0789,63.3,19.3,0,9,9.5,69.1,4,Monogamy,Pair,Bisexual
Eulemur_rubriventer,Eulemur,rubriventer,Lemuridae,VU,Threatened,MADAGASCAR,4556500,1816697263,54,90400000,0.042594259,39.46,2122351751,0.002508123,8,2.67E-09,3.34E-10,234843,1.76,26.23,1980,1940,1021,1.051,3,1,1,1,NA,130,151.22,240,1.01,-18.45,1781.1,19.4,1344,1575.5,0.2,0.444,0.8799,81,15,NA,16,21,60,2,Monogamy,Pair,Bisexual
Eulemur_rufus,Eulemur,rufus,Lemuridae,VU,Threatened,MADAGASCAR,9628041,1820406128,1,1000000,0.000471175,35.48,2122351751,0.005288952,8,2.85E-09,3.56E-10,463943,NA,25.4,2170,2270,956,NA,9.17,4.1,2.6,0.63,NA,NA,NA,NA,NA,-19.51,1068.8,22.8,1004.1,1547,0.584,0.8475,0.9828,68.4,24.1,NA,18,16.2,61.8,NA,NA,Polygynandry,Sexbiased
Eulemur_sanfordi,Eulemur,sanfordi,Lemuridae,EN,Threatened,MADAGASCAR,7827651,1820361823,75,182500000,0.085989516,40.425,2122351751,0.004300102,8.8,4.40E-09,5.00E-10,244324,NA,NA,1870,1830,1022,NA,5,2.25,2.13,0.95,NA,NA,NA,NA,NA,-12.78,1013.1,25.2,1193,1510,0.07,0.758,2.539,89.1,2.2,NA,17.7,11,59.2,NA,NA,Polygynandry,Sexbiased
Galago_moholi,Galago,moholi,Galagidae,LC,Unthreatened,MAINLAND_AFRICA,4245945,2228507852,81,108200000,0.042532737,38.57,2543922824,0.001905286,5,6.03E-09,1.21E-09,78992,NA,3.71,149.6,147.2,1017,1.062,1,1,1,NA,182.5,123,90.46,198,1.6,-13.46,801.2,21.7,852.2,1461.9,0.04,NA,NA,NA,NA,NA,63.9,25,4.5,12,Spatial_Polygyny,Solitary,Sexbiased
Galago_senegalensis,Galago,senegalensis,Galagidae,LC,Unthreatened,MAINLAND_AFRICA,1977516,2204323464,7,8200000,0.003223368,36.21,2543922824,0.000897108,6,5.97E-09,9.95E-10,37567,NA,3.96,200.3,188,1066,1.111,1,1,1,NA,219,126,93.93,204,1.5,1.95,800.8,25,836.6,1594.8,0.08,NA,NA,6,NA,NA,NA,NA,NA,NA,Spatial_Polygyny,Solitary,Sexbiased
Galagoides_demidoff,Galagoides,demidoff,Galagidae,LC,Unthreatened,MAINLAND_AFRICA,6467309,1994532067,19,22400000,0.008805299,29.46,2543922824,0.003242519,5,3.92E-09,7.84E-10,206793,NA,2.65,76.2,73.1,1042,1.277,10,NA,NA,NA,365,111,43.47,168,1.29,-0.14,1404.3,24.4,1291.4,1553.2,0.01,NA,NA,10,0,NA,NA,NA,NA,NA,Spatial_Polygyny,Solitary,Sexbiased
Gorilla_beringei,Gorilla,beringei,Hominidae,CR,Threatened,MAINLAND_AFRICA,1942023.5,2488884165,525,1307300000,0.423815676,21.595,3084595669,0.000769376,20,1.20E-08,6.00E-10,16029,28.96,491.27,162500,97500,1667,NA,NA,NA,NA,NA,NA,NA,NA,NA,NA,NA,NA,NA,NA,NA,NA,NA,NA,NA,NA,NA,NA,NA,NA,NA,Harem_Polygyny,Polygyny,NA
Gorilla_gorilla,Gorilla,gorilla,Hominidae,CR,Threatened,MAINLAND_AFRICA,4434428.5,2507295028,44,77100000,0.024995172,18.55,3084595669,0.001773703,22,1.33E-08,6.05E-10,33340,29.6,490.41,170400,71500,2383,1.739,7.1,1.8,4.4,2.44,1430.8,256,920.35,648,1.05,0.88,1528.8,24.2,1291.1,1502.7,4.03,0.86,0.3797,11,93,0,52.6,9.55,35.5,5.8,Harem_Polygyny,Polygyny,Bisexual
Hapalemur_alaotrensis,Hapalemur,alaotrensis,Lemuridae,CR,Threatened,MADAGASCAR,9041990,1836582734,15,28000000,0.013192912,44.83,2122351751,0.004923269,9,4.41E-09,4.90E-10,279097,NA,13.8,1228,1251,982,NA,NA,NA,NA,NA,NA,NA,NA,NA,NA,NA,NA,NA,NA,NA,NA,NA,NA,NA,NA,NA,NA,NA,NA,NA,NA,Pair,Bisexual
Hapalemur_gilberti,Hapalemur,gilberti,Lemuridae,DD,DD,MADAGASCAR,9763216,1771345164,15,32600000,0.015360319,38.78,2122351751,0.005511752,9,4.46E-09,4.96E-10,308955,NA,NA,NA,NA,NA,NA,NA,NA,NA,NA,NA,NA,NA,NA,NA,NA,NA,NA,NA,NA,NA,NA,NA,NA,NA,NA,NA,NA,NA,NA,NA,NA,NA
Hapalemur_griseus,Hapalemur,griseus,Lemuridae,VU,Threatened,MADAGASCAR,11036853,1886538879,13,67000000,0.031568754,43.68,2122351751,0.005850318,9,5.06E-09,5.62E-10,289047,2.1,14.09,748,670,1116,1.005,4.4,1,1,1,334.58,140,136.29,205.2,1.5,-19.45,1772.8,19.7,1338.7,1594.7,0.01,0.43,3.8108,NA,NA,NA,NA,NA,NA,NA,Monogamy,Pair,Bisexual
Hapalemur_meridionalis,Hapalemur,meridionalis,Lemuridae,VU,Threatened,MADAGASCAR,6035706,1887502037,38,117000000,0.055127525,37.75,2122351751,0.003197722,9,5.60E-09,6.22E-10,142755,NA,NA,NA,NA,NA,NA,NA,NA,NA,NA,NA,NA,NA,NA,NA,NA,NA,NA,NA,NA,NA,NA,NA,NA,NA,NA,NA,NA,NA,NA,NA,Pair,Bisexual
Hapalemur_occidentalis,Hapalemur,occidentalis,Lemuridae,VU,Threatened,MADAGASCAR,9730032,1682964283,62,153600000,0.072372546,46.08,2122351751,0.005781485,8,2.91E-09,3.64E-10,496691,NA,NA,NA,NA,NA,NA,NA,NA,NA,NA,NA,NA,NA,NA,NA,NA,NA,NA,NA,NA,NA,NA,NA,NA,NA,NA,NA,NA,NA,NA,NA,Pair,Bisexual
Hoolock_hoolock,Hoolock,hoolock,Hylobatidae,EN,Threatened,ASIA,1604988,2349936910,165,294000000,0.105637332,32.35,2783107017,0.000683566,13.5,5.86E-09,4.34E-10,28429,NA,110.68,7106.5,6350,1119,1.03,NA,NA,NA,NA,1080,232.5,635.13,492,1.01,23.44,1536,17.5,1095.2,1318.7,0.413,1.26,1.7376,79,10.3,2,NA,NA,NA,NA,Monogamy,Pair,Bisexual
Hylobates_abbotti,Hylobates,abbotti,Hylobatidae,EN,Threatened,ASIA,7574885,2302633643,36,79000000,0.028385542,30.52,2783107017,0.003289661,15,9.16E-09,6.11E-10,89783,NA,NA,NA,NA,NA,NA,NA,NA,NA,NA,NA,NA,NA,NA,NA,NA,NA,NA,NA,NA,NA,NA,NA,NA,NA,NA,NA,NA,NA,NA,NA,NA,NA
Hylobates_agilis,Hylobates,agilis,Hylobatidae,EN,Threatened,ASIA,6403346,2334251988,0,0,0,33.68,2783107017,0.002743211,15,9.33E-09,6.22E-10,73505,NA,91.16,5880,5820,1010,NA,NA,1,1,1,1138,NA,724,528,1.02,0.16,2398,25.4,1743.6,1792,0.29,1.3,2.1394,58,39,1,NA,NA,NA,NA,Monogamy,Pair,Bisexual
Hylobates_klossii,Hylobates,klossii,Hylobatidae,EN,Threatened,ASIA,3134339,2332770110,25,42800000,0.015378496,31.62,2783107017,0.001343612,15,8.92E-09,5.95E-10,37657,NA,87.99,5670,5920,958,0.966,NA,0.9,1,1.11,NA,213,335,444,1,NA,NA,NA,NA,NA,0.32,1.5,2.35,72,2,26,NA,NA,NA,NA,Monogamy,Pair,Bisexual
Hylobates_lar,Hylobates,lar,Hylobatidae,EN,Threatened,ASIA,6806556,2330387012,49,82600000,0.02967906,32.82,2783107017,0.002920784,15,6.39E-09,4.26E-10,114272,5.5,101.87,5809.2,5380.9,1080,1.16,3.3,1,1,1,983.67,217,725.86,480,1.01,13.68,1727.4,23,1278.1,1612.3,0.32,1.6,2.5066,64,24.7,9.7,33.87,23.33,33.1,7.57,Monogamy,Pair,Bisexual
Hylobates_muelleri,Hylobates,muelleri,Hylobatidae,EN,Threatened,ASIA,6641045,2337889356,77,161600000,0.058064602,32.23,2783107017,0.002840616,15,9.19E-09,6.13E-10,77275,NA,85.13,5632.3,6010.3,937,NA,NA,NA,NA,NA,1095,206.7,NA,684,1.02,1.13,2665.3,24,1679.4,1707.8,0.26,0.9,1.5642,62,32,2,NA,NA,NA,4,Monogamy,Pair,Bisexual
Indri_indri,Indri,indri,Indriidae,CR,Threatened,MADAGASCAR,10234933,1713337123,142,376800000,0.134660298,18.71,2798152141,0.005973683,11,4.75E-09,4.32E-10,314404,NA,34.81,5830,6840,852,0.996,3.2,1,1,1,912.5,136.5,331.34,NA,1.01,-17.23,1871.1,20,1342.6,1594.8,0.12,0.25,0.6396,43,57,NA,42,3,50,1.5,Monogamy,Pair,Bisexual
Lagothrix_lagothricha,Lagothrix,lagothricha,Atelidae,VU,Threatened,AMERICAS,3386157,2305066050,50,68400000,0.025493577,33.73,2683028796,0.001469006,14.5,6.90E-09,4.76E-10,53225,11.2,96.5,7280,7020,1037,1.77,33.1,7.3,8.2,1.12,638.75,223,312.66,360,1.01,0.02,2265.6,25.8,1516.9,1543.4,2.82,1.1,0.5805,78.9,11.4,4.9,25.8,38.8,29.9,5.5,Polygynandry,Polygynandry,Sexbiased
Lemur_catta,Lemur,catta,Lemuridae,EN,Threatened,MADAGASCAR,6336635,1957732941,3,5400000,0.002544347,47.74,2122351751,0.003236721,12,4.20E-09,3.50E-10,192662,17.8,22.9,2210,2210,1000,1.186,17,5.2,6.4,1.23,468.41,135,126.51,360,1.18,-23.05,629.4,23,839.1,1636.6,0.05,0.9,3.567,54,43.6,NA,NA,NA,NA,4.6,Polygynandry,Polygynandry,Sexbiased
Leontocebus_fuscicollis,Leontocebus,fuscicollis,Callitrichidae,DD,DD,AMERICAS,3466916,2356281978,7,8600000,0.002896879,26.76,2968712378,0.00147135,9,8.24E-09,9.16E-10,44640,1.53,7.94,404.6,396.6,1020,1.014,5.1,1.9,1.3,0.68,293.5,147,90.1,294,1.83,-5.28,1968,25.4,1450.1,1535.4,0.2,1.6,3.1707,55,0,44,17.09,28.48,35.86,5.08,Polyandry,Pair,Bisexual
Leontocebus_illigeri,Leontocebus,illigeri,Callitrichidae,DD,DD,AMERICAS,6446262,2336659165,29,190600000,0.064202919,22.01,2968712378,0.002758752,6,5.26E-09,8.77E-10,131119,NA,NA,NA,NA,NA,NA,NA,NA,NA,NA,NA,NA,NA,NA,NA,NA,NA,NA,NA,NA,NA,NA,NA,NA,NA,NA,NA,NA,NA,NA,NA,NA,NA
Leontocebus_nigricollis,Leontocebus,nigricollis,Callitrichidae,LC,Unthreatened,AMERICAS,4358897,2347125287,68,122800000,0.041364735,28.44,2968712378,0.001857122,6,4.19E-09,6.98E-10,110807,NA,NA,NA,NA,NA,NA,NA,NA,NA,NA,NA,NA,NA,NA,NA,NA,NA,NA,NA,NA,NA,NA,NA,NA,NA,NA,NA,NA,NA,NA,NA,NA,NA
Leontopithecus_chrysomelas,Leontopithecus,chrysomelas,Callitrichidae,EN,Threatened,AMERICAS,2360807,2244901011,147,356400000,0.124447223,24.22,2863864636,0.001051631,7,5.19E-09,7.41E-10,50657,NA,11.84,610,700,871,NA,6.7,1.6,1,0.63,NA,NA,NA,255.6,2.04,-15.01,1531.2,22.4,1385.5,1596.7,0.24,NA,NA,NA,NA,NA,NA,NA,NA,9.1,Monogamy,Pair,Bisexual
Leontopithecus_rosalia,Leontopithecus,rosalia,Callitrichidae,EN,Threatened,AMERICAS,1904382,2259678734,55,88900000,0.03104197,30.945,2863864636,0.00084276,7,5.15E-09,7.36E-10,40911,NA,12.83,620,598,1037,NA,5.4,1.8,1.5,0.83,182.5,128,75.69,297.6,1.94,-22.1,1283.2,20.7,1231.5,1476.7,0.26,1.44,2.5028,NA,NA,NA,NA,NA,NA,5.4,Monogamy,Pair,Bisexual
Lepilemur_ankaranensis,Lepilemur,ankaranensis,Lepilemuridae,EN,Threatened,MADAGASCAR,7384494.5,1574674295,54.5,153500000,0.061711221,31.655,2487392024,0.004689459,5,5.06E-09,1.01E-09,231693,NA,NA,NA,NA,NA,NA,NA,NA,NA,NA,NA,NA,NA,NA,NA,NA,NA,NA,NA,NA,NA,NA,NA,NA,NA,NA,NA,NA,NA,NA,NA,Solitary,NA
Lepilemur_dorsalis,Lepilemur,dorsalis,Lepilemuridae,EN,Threatened,MADAGASCAR,4359258,1582207714,31,67600000,0.027177059,33.53,2487392024,0.002755174,5,3.76E-09,7.52E-10,183190,NA,6.7,817,923,885,NA,1,1,1,1,NA,NA,NA,NA,1.01,-13.79,1332.8,20.2,1240.4,1623.7,NA,NA,NA,NA,NA,NA,NA,NA,NA,NA,NA,Solitary,Bisexual
Lepilemur_ruficaudatus,Lepilemur,ruficaudatus,Lepilemuridae,CR,Threatened,MADAGASCAR,4716442,1578143645,2,2800000,0.001125677,25.73,2487392024,0.002988601,7,3.70E-09,5.29E-10,201933,NA,8.25,806,803,1004,1.179,1,1,1,NA,NA,135.92,119.32,NA,1.02,-21.58,578.9,23.9,789.1,1602.6,0.008,NA,NA,NA,NA,NA,NA,NA,NA,NA,Spatial_Polygyny,Solitary,Bisexual
Lepilemur_septentrionalis,Lepilemur,septentrionalis,Lepilemuridae,CR,Threatened,MADAGASCAR,6914930,1582286330,80.5,239700000,0.096365992,36.29,2487392024,0.004370165,7,6.99E-09,9.99E-10,156301,NA,NA,NA,NA,NA,NA,NA,NA,NA,NA,NA,NA,NA,NA,NA,NA,NA,NA,NA,NA,NA,NA,NA,NA,NA,NA,NA,NA,NA,NA,NA,Solitary,Bisexual
Lophocebus_aterrimus,Lophocebus,aterrimus,Cercopithecidae,VU,Threatened,MAINLAND_AFRICA,5199600,2347201084,40,236000000,0.083205644,29.51,2836346068,0.002215234,10,3.38E-09,3.38E-10,163849,NA,101.59,7840,5760,1361,1.897,NA,NA,NA,NA,NA,NA,NA,321.6,NA,-1.65,1578.1,25.1,1520.1,1594.9,0.34,NA,NA,NA,NA,NA,NA,NA,NA,NA,Polygynandry,Polygynandry,NA
Loris_lydekkerianus,Loris,lydekkerianus,Lorisidae,NT,Unthreatened,ASIA,1135860.5,2407705090,382,804900000,0.294002177,31.545,2737734828,0.000471663,8.5,1.15E-08,1.35E-09,10254,NA,6.34,264,269,981,NA,NA,NA,NA,NA,NA,NA,NA,NA,NA,NA,NA,NA,NA,NA,NA,NA,NA,NA,NA,NA,26,35.6,36.4,23,NA,Solitary,NA
Loris_tardigradus,Loris,tardigradus,Lorisidae,EN,Threatened,ASIA,7135331,2428525022,75,147600000,0.053913183,33.7,2737734828,0.002938134,7.5,9.33E-09,1.24E-09,78728,NA,5.87,192,193,995,0.985,2,1,1,1,182.5,166,167.49,196.8,1.44,6.75,1472.7,25.2,1550.5,1555,0.007,NA,NA,NA,NA,NA,NA,NA,NA,NA,Spatial_Polygyny,Solitary,Bisexual
Macaca_arctoides,Macaca,arctoides,Cercopithecidae,VU,Threatened,ASIA,2240018,2522387904,122,281200000,0.095144948,29.03,2955490605,0.000945328,12.5,4.77E-09,3.82E-10,49545,NA,100.7,12200,8400,1452,NA,31.1,NA,NA,NA,558,177,299,350.4,1,NA,NA,NA,NA,NA,NA,1.7,NA,NA,NA,NA,NA,NA,NA,NA,Polygynandry,Polygynandry,Sexbiased
Macaca_cyclopis,Macaca,cyclopis,Cercopithecidae,LC,Unthreatened,ASIA,4357158,2542485353,47,270600000,0.091558403,35.62,2955490605,0.00171374,11,4.44E-09,4.04E-10,96494,NA,82,6000,4940,1215,NA,NA,NA,NA,NA,NA,NA,NA,NA,NA,NA,NA,NA,NA,NA,NA,NA,NA,53.8,29.1,9.8,NA,NA,NA,NA,NA,Polygynandry,Sexbiased
Macaca_fascicularis,Macaca,fascicularis,Cercopithecidae,VU,Threatened,ASIA,8111337,2563158754,43,119100000,0.040297878,34.89,2955490605,0.003162657,12.5,3.51E-09,2.81E-10,225260,35.2,63.98,4984.2,3517.9,1417,2.258,27.5,4.7,10.6,2.26,398.45,165,283.53,456,1,4.13,2190.5,24.9,1553.1,1719.8,0.46,1.5,1.96,76.8,9.4,4,18.5,36.9,42.9,1.5,Polygynandry,Polygynandry,Sexbiased
Macaca_fuscata,Macaca,fuscata,Cercopithecidae,LC,Unthreatened,ASIA,2590819,2547909229,91,454600000,0.15381541,23.73,2955490605,0.001016841,12.5,4.35E-09,3.48E-10,58439,72.3,102.92,10970,8030,1366,2.04,53.7,3.4,17.5,5.15,486.66,174,265.04,396,1.02,35.88,1476.6,10.2,792.6,842.5,1.43,0.93,0.6892,22.9,23.7,7,43.3,19.9,20.1,15.2,Polygynandry,Polygynandry,Sexbiased
Macaca_leonina,Macaca,leonina,Cercopithecidae,VU,Threatened,ASIA,2658304.5,2539852357,47,104100000,0.035222579,44.985,2955490605,0.001048349,12.5,5.12E-09,4.10E-10,51189,NA,85.6,6520.5,4762.7,1369,NA,NA,NA,NA,NA,NA,NA,NA,NA,NA,NA,NA,NA,NA,NA,NA,NA,NA,NA,NA,NA,NA,NA,NA,NA,NA,Polygynandry,Sexbiased
Macaca_maura,Macaca,maura,Cercopithecidae,EN,Threatened,ASIA,5197283,2464209563,1,1000000,0.000338353,30.89,2955490605,0.002109108,10.5,5.39E-09,5.13E-10,97825,NA,NA,NA,NA,NA,NA,NA,NA,NA,NA,NA,NA,NA,NA,NA,NA,NA,NA,NA,NA,NA,NA,NA,NA,NA,NA,NA,NA,NA,NA,NA,Polygynandry,Sexbiased
Macaca_mulatta,Macaca,mulatta,Cercopithecidae,LC,Unthreatened,ASIA,5535567,2587769514,99,185800000,0.062866043,27.8,2955490605,0.002132497,14,5.55E-09,3.96E-10,96058,46,88.98,7915.1,5670.5,1396,2.072,40.7,4.5,23.8,5.29,385.5,165,304.16,432,1.01,25.07,1173.6,16.9,902.2,1218,5.91,1.6,0.5833,8.5,84.4,0,46,11.5,25,NA,Polygynandry,Polygynandry,Sexbiased
Macaca_nemestrina,Macaca,nemestrina,Cercopithecidae,VU,Threatened,ASIA,8201206,2509720461,7,11000000,0.003721886,23.52,2955490605,0.003260178,11,3.69E-09,3.35E-10,220879,66.7,105.59,11102.7,6539.2,1698,2.36,18.2,2.4,14.9,6.21,405.07,172,292.6,411.6,1.01,3.04,2449.8,24.7,1680.5,1732.2,1.75,1.8,1.2059,74.2,11.1,12.2,NA,NA,NA,NA,Polygynandry,Polygynandry,Sexbiased
Macaca_nigra,Macaca,nigra,Cercopithecidae,CR,Threatened,ASIA,4004040,2539483987,56,107600000,0.036406815,37.76,2955490605,0.001576714,11,4.91E-09,4.46E-10,80281,NA,94.9,9890,5470,1808,2.612,63.8,5.8,20.2,3.48,540,176,365,408,1,NA,NA,NA,NA,NA,NA,6,NA,NA,3,32,36.2,22.5,19.5,21.7,Polygynandry,Polygynandry,Sexbiased
Macaca_radiata,Macaca,radiata,Cercopithecidae,VU,Threatened,ASIA,3241818,2545967230,120,227800000,0.077076882,30.51,2955490605,0.001270873,12.5,4.44E-09,3.55E-10,71558,NA,74.87,6312.5,3855.7,1637,NA,30,8,9.7,1.21,365,161,332.25,360,1.01,14.59,937.4,26.5,844.9,1589.6,0.88,1.75,1.6533,NA,NA,NA,NA,NA,NA,NA,Polygynandry,Polygynandry,Sexbiased
Macaca_siberu,Macaca,siberu,Cercopithecidae,EN,Threatened,ASIA,2916764,2531172380,138,441400000,0.149349147,29.36,2955490605,0.001152337,13,4.58E-09,3.52E-10,62901,NA,NA,NA,NA,NA,NA,NA,NA,NA,NA,NA,NA,NA,NA,NA,NA,NA,NA,NA,NA,NA,NA,NA,NA,NA,NA,NA,NA,NA,NA,NA,NA,NA
Macaca_silenus,Macaca,silenus,Cercopithecidae,EN,Threatened,ASIA,1553290,2535930232,87,245200000,0.082964229,34.3,2955490605,0.000612601,13,5.52E-09,4.25E-10,27745,42,85,8900,6100,1459,2.437,19.6,3.1,7.1,2.29,510.39,176,362.93,480,1.01,13.19,880.7,25.3,953,1571.9,0.88,1.63,1.5399,NA,NA,NA,NA,NA,NA,4.7,Polygynandry,Polygynandry,Sexbiased
Macaca_thibetana,Macaca,thibetana,Cercopithecidae,NT,Unthreatened,ASIA,2449839,2514454944,136,369800000,0.12512305,33.61,2955490605,0.000974302,11,3.91E-09,3.55E-10,62296,NA,NA,15200,9500,1600,NA,38.3,4.5,11,2.44,730,170,451.79,NA,1.01,28.38,1198,13,961.2,1031,NA,NA,NA,NA,NA,NA,NA,NA,NA,NA,NA,Polygynandry,Sexbiased
Macaca_tonkeana,Macaca,tonkeana,Cercopithecidae,VU,Threatened,ASIA,5959979,2514607376,55,115600000,0.039113642,37.23,2955490605,0.002370143,11,5.25E-09,4.77E-10,112864,NA,NA,NA,NA,NA,NA,NA,NA,NA,NA,NA,NA,NA,NA,NA,NA,NA,NA,NA,NA,NA,NA,NA,NA,NA,NA,NA,NA,NA,NA,NA,Polygynandry,Sexbiased
Mandrillus_leucophaeus,Mandrillus,leucophaeus,Cercopithecidae,EN,Threatened,MAINLAND_AFRICA,5832747,2351916060,36,66400000,0.023410401,33.39,2836346068,0.002479998,10,3.82E-09,3.82E-10,162304,27.3,148,17500,12500,1400,4.1,NA,NA,NA,NA,513.43,179,486.66,400.8,1.01,5.21,2032.9,24.3,1219.9,1533.7,NA,NA,NA,NA,NA,NA,NA,NA,NA,NA,Polygynandry,Polygynandry,Sexbiased
Mandrillus_sphinx,Mandrillus,sphinx,Cercopithecidae,VU,Threatened,MAINLAND_AFRICA,10854843,2401129275,45,111200000,0.039205371,32.3,2836346068,0.004520724,8,3.81E-09,4.76E-10,296635,58.86,153.88,34400,12800,2688,5.263,NA,NA,NA,NA,521.64,173,348.01,555.96,1.02,-0.76,1611.8,24.4,1259,1505.1,26.34,3,0.518,NA,NA,NA,NA,NA,NA,NA,Polygynandry,Polygynandry,Sexbiased
Mico_argentatus,Mico,argentatus,Callitrichidae,LC,Unthreatened,AMERICAS,1772289,2428941014,106,656200000,0.229130941,26.19,2863864636,0.000729655,6,6.59E-09,1.10E-09,27680,NA,7.95,330,360,917,NA,NA,NA,NA,NA,219.6,144,NA,201.6,1.84,-3.09,1718.5,25.4,1412.8,1614.4,NA,NA,NA,NA,NA,NA,NA,NA,NA,NA,Monogamy,Pair,Bisexual
Mico_humeralifer,Mico,humeralifer,Callitrichidae,NT,Unthreatened,AMERICAS,4038270,2440197202,54,181600000,0.063410818,27.08,2863864636,0.001654895,5.2,4.70E-09,9.04E-10,88026,NA,NA,360,380,947,NA,NA,2.8,3.3,1.18,NA,144,99.01,180,2,-5.36,1636.7,25.9,1433.7,1605.8,0.1,1.12,3.1388,76.5,NA,NA,NA,NA,NA,5,NA,Pair,Bisexual
Mico_spnv,Mico,schneideri,Callitrichidae,DD,DD,AMERICAS,1278129,2445434016,226,436800000,0.152521175,28.57,2863864636,0.000522659,6,6.48E-09,1.08E-09,20164,NA,NA,NA,NA,NA,NA,NA,NA,NA,NA,NA,NA,NA,NA,NA,NA,NA,NA,NA,NA,NA,NA,NA,NA,NA,NA,NA,NA,NA,NA,NA,NA,NA
Microcebus_murinus,Microcebus,murinus,Cheirogaleidae,LC,Unthreatened,MADAGASCAR,8598388,2027007402,167,545600000,0.219346205,35.19,2487392024,0.004241912,5.6,4.96E-09,8.86E-10,213806,NA,1.63,63,67.2,938,0.995,1,1,1,NA,365,61,40.45,186,2,-18.95,851.2,24.1,897.1,1624.7,0.01,NA,NA,51,NA,NA,NA,NA,NA,NA,Spatial_Polygyny,Solitary,Sexbiased
Miopithecus_ogouensis,Miopithecus,ogouensis,Cercopithecidae,NT,Unthreatened,MAINLAND_AFRICA,3402248,2341336842,10,14200000,0.005084,28.32,2793076453,0.001453122,8,2.50E-09,3.13E-10,145312,NA,NA,NA,NA,NA,NA,NA,NA,NA,NA,NA,NA,NA,NA,NA,NA,NA,NA,NA,NA,NA,NA,NA,NA,NA,NA,NA,NA,NA,NA,NA,NA,NA
Mirza_zaza,Mirza,zaza,Cheirogaleidae,VU,Threatened,MADAGASCAR,3038919,1877141239,162,346000000,0.139101515,48.1,2487392024,0.001618908,5,4.65E-09,9.30E-10,87038,NA,NA,NA,NA,NA,NA,NA,NA,NA,NA,NA,NA,NA,NA,NA,NA,NA,NA,NA,NA,NA,NA,NA,NA,NA,NA,NA,NA,NA,NA,NA,NA,NA
Nasalis_larvatus,Nasalis,larvatus,Cercopithecidae,EN,Threatened,ASIA,2879849,2492048184,89,140600000,0.046273433,26.9,3038460517,0.001155615,12,4.79E-09,3.99E-10,60314,13.8,92.3,19391.8,9729.6,1993,2.203,12,1,3.7,3.7,547.5,166,211.75,252,1.02,1.42,2570.8,25,1684,1721,3.73,0.65,0.2983,36,56,0,NA,NA,NA,NA,Harem_Polygyny,Polygynandry,Bisexual
Nomascus_annamensis,Nomascus,annamensis,Hylobatidae,EN,Threatened,ASIA,5489816,2400238781,10,14800000,0.005317798,29.18,2783107017,0.002287196,15,1.13E-08,7.53E-10,50602,NA,NA,NA,NA,NA,NA,NA,NA,NA,NA,NA,NA,NA,NA,NA,NA,NA,NA,NA,NA,NA,NA,NA,NA,NA,NA,NA,NA,NA,NA,NA,NA,NA
Nomascus_concolor,Nomascus,concolor,Hylobatidae,CR,Threatened,ASIA,3707687,2075648163,45,169200000,0.060795363,22.06,2783107017,0.001786279,15,6.81E-09,4.54E-10,65576,NA,NA,7790,7620,1022,1.125,NA,NA,NA,NA,821.25,207,635.13,529.2,1.01,22.7,1196.2,17.3,1062.3,1242.1,0.87,1.3,1.2352,22.5,63,7,NA,NA,NA,NA,Monogamy,Pair,Bisexual
Nomascus_gabriellae,Nomascus,gabriellae,Hylobatidae,EN,Threatened,ASIA,4075049,2379503177,26,44600000,0.016025255,30.44,2783107017,0.001712563,15,1.08E-08,7.20E-10,39643,NA,119.38,7410,7320,1012,NA,NA,NA,NA,NA,NA,NA,NA,NA,NA,NA,NA,NA,NA,NA,NA,NA,NA,NA,NA,NA,NA,NA,NA,NA,NA,Pair,Bisexual
Nomascus_siki,Nomascus,siki,Hylobatidae,CR,Threatened,ASIA,4919597,2358358666,64,170200000,0.061154673,26.89,2783107017,0.002086026,15,8.77E-09,5.85E-10,59465,NA,NA,NA,NA,NA,NA,NA,NA,NA,NA,NA,NA,NA,NA,NA,NA,NA,NA,NA,NA,NA,NA,NA,NA,NA,NA,NA,NA,NA,NA,NA,NA,NA
Nycticebus_bengalensis,Nycticebus,bengalensis,Lorisidae,EN,Threatened,ASIA,2408451.5,2304323003,313,545800000,0.192989574,29.44,2828132058,0.001045845,7.5,1.62E-08,2.16E-09,16140,NA,13.49,1100,1020,1078,NA,NA,NA,NA,NA,NA,NA,NA,NA,NA,NA,NA,NA,NA,NA,NA,NA,NA,NA,NA,NA,NA,NA,NA,NA,NA,NA,NA
Nycticebus_coucang,Nycticebus,coucang,Lorisidae,EN,Threatened,ASIA,5037757,2246542368,3,3400000,0.001202207,20.3,2828132058,0.002242449,7.5,8.87E-09,1.18E-09,63203,NA,10.13,679,626,1085,1.037,1,1,1,NA,365,188,181.21,318,1.12,0.27,2372.9,24.9,1664.9,1740.3,NA,NA,NA,60,0,NA,21,70.6,5.4,3,Spatial_Polygyny,Solitary,Bisexual
Nycticebus_pygmaeus,Nycticebus,pygmaeus,Lorisidae,EN,Threatened,ASIA,2047227,2473606449,399,735400000,0.26003029,29.805,2828132058,0.000827648,7.5,8.47E-09,1.13E-09,24429,NA,NA,462,376,1229,1.112,1,1,1,NA,448,188,133,205.2,1.75,16.94,1499,21.1,1172.5,1359.8,NA,NA,NA,NA,NA,NA,NA,NA,NA,NA,Spatial_Polygyny,Solitary,Bisexual
Otolemur_crassicaudatus,Otolemur,crassicaudatus,Galagidae,LC,Unthreatened,MAINLAND_AFRICA,2633343,2114463371,195,371900000,0.147595498,30.15,2519724550,0.001245218,8,7.55E-09,9.44E-10,41232,NA,11.78,1190,1110,1072,1.229,6,1,NA,NA,365,130,124.62,225.6,1.14,-14.71,870.9,22,912.8,1482.6,0.06,NA,NA,NA,0,NA,NA,NA,NA,NA,Spatial_Polygyny,Solitary,Sexbiased
Otolemur_garnettii,Otolemur,garnettii,Galagidae,LC,Unthreatened,MAINLAND_AFRICA,3971911,2155616596,182,942400000,0.374009135,31.78,2519724550,0.001842587,6,5.49E-09,9.15E-10,83907,NA,11.5,794,734,1082,1.081,NA,NA,NA,NA,215.95,132,139.2,204,1.02,-4.61,679.2,23.6,868.7,1602.4,0.12,NA,NA,NA,NA,NA,21,52.3,9.4,14.5,Spatial_Polygyny,Solitary,Sexbiased
Pan_paniscus,Pan,paniscus,Hominidae,EN,Threatened,MAINLAND_AFRICA,2043827,2365584804,82,150800000,0.049867213,25.95,3024031013,0.000865827,24,1.17E-08,4.88E-10,18501,135.2,341.29,45000,33200,1355,1.384,85.1,7,10.9,1.56,1715.5,232,1081.31,576,1.01,-1.66,1611.2,25,1538.7,1601.6,27.93,2.4,0.4025,NA,15,2,35.2,14.5,37.4,NA,Polygynandry,Polygynandry,Sexbiased
Pan_troglodytes,Pan,troglodytes,Hominidae,EN,Threatened,MAINLAND_AFRICA,3440230,2407261537,48,110600000,0.036573699,20.27,3024031013,0.001415646,25,1.31E-08,5.24E-10,27016,128.9,368.35,49566.7,40366.7,1228,1.423,63.1,8.7,25.2,2.9,1825,229,1260.81,720,1.05,2.2,1497.2,24.2,1297.1,1558.1,10.85,3.8,1.0224,66,26,7,57.63,12.15,30.23,23.5,Polygynandry,Polygynandry,Sexbiased
Papio_anubis,Papio,anubis,Cercopithecidae,LC,Unthreatened,MAINLAND_AFRICA,4575009,2501080761,47,152600000,0.051357446,34.675,2971331530,0.001830895,11,3.91E-09,3.55E-10,117065,78.42,167.42,23000,13300,1729,2.221,57.7,7.2,17.5,2.43,752.81,178.96,596.6,302.4,1.01,8.04,982.4,24.3,1020.2,1584.1,4.83,4.6,1.8549,42.3,25.1,6.7,36.1,24.1,26.2,13.8,Polygynandry,Polygynandry,Sexbiased
Papio_cynocephalus,Papio,cynocephalus,Cercopithecidae,LC,Unthreatened,MAINLAND_AFRICA,6743063,2498607554,32.5,97000000,0.032711346,32.12,2971331530,0.002696406,17,5.88E-09,3.46E-10,114643,52,163.19,22300,12000,1858,3.003,55,7,19.4,2.77,669.16,172.99,450.42,540,1.01,-5.96,864.2,23,876.6,1524,14.95,5.9,1.3523,62,21,5,43.3,25.4,20.2,6.46,Polygynandry,Polygynandry,Sexbiased
Papio_hamadryas,Papio,hamadryas,Cercopithecidae,LC,Unthreatened,MAINLAND_AFRICA,4424162,2501519742,99,203700000,0.068555124,35.41,2971331530,0.001767221,15,6.08E-09,4.05E-10,72665,27.1,146.17,18000,10300,1748,2.743,66.1,1,8.2,8.2,608.33,171,363.96,450,1.01,12.72,459.4,21.6,572.4,1620.7,17.37,11,2.339,88,7,NA,29.7,24.8,26,16.2,Harem_Polygyny,Polygynandry,Bisexual
Papio_kindae,Papio,kindae,Cercopithecidae,LC,Unthreatened,MAINLAND_AFRICA,7137303,2499212589,30,132800000,0.044693767,34.1,2971331530,0.002859123,17,7.18E-09,4.22E-10,99552,NA,NA,NA,NA,NA,NA,NA,NA,NA,NA,NA,NA,NA,NA,NA,NA,NA,NA,NA,NA,NA,NA,NA,NA,NA,NA,NA,NA,NA,NA,NA,NA,NA
Papio_papio,Papio,papio,Cercopithecidae,NT,Unthreatened,MAINLAND_AFRICA,1616496,2500468067,254.5,470800000,0.158447482,30.965,2971331530,0.000646759,10,5.04E-09,5.04E-10,32081,NA,NA,NA,NA,NA,NA,NA,NA,NA,NA,NA,NA,NA,NA,NA,NA,NA,NA,NA,NA,NA,NA,NA,NA,NA,NA,NA,NA,NA,NA,Harem_Polygyny,Polygynandry,Sexbiased
Papio_ursinus,Papio,ursinus,Cercopithecidae,LC,Unthreatened,MAINLAND_AFRICA,5613270,2501662443,60,137400000,0.046241895,34.385,2971331530,0.002243815,16,6.88E-09,4.30E-10,81534,69.76,178,29800,14800,2014,3.839,34.7,6.7,13.9,2.07,882.08,185.92,877.09,540,1.01,-24.42,419,18.5,581.8,1264.6,9.12,5.6,1.6434,NA,12,1,45,23.5,22,9.5,Polygynandry,Polygynandry,Sexbiased
Perodicticus_ibeanus,Perodicticus,ibeanus,Lorisidae,LC,Unthreatened,MAINLAND_AFRICA,5856155,1655471658,27,53800000,0.019023157,23.99,2828132058,0.003537454,9,9.50E-09,1.06E-09,93091,NA,NA,NA,NA,NA,NA,NA,NA,NA,NA,NA,NA,NA,NA,NA,NA,NA,NA,NA,NA,NA,NA,NA,NA,NA,NA,NA,NA,NA,NA,NA,NA,NA
Perodicticus_potto,Perodicticus,potto,Lorisidae,NT,Unthreatened,ASIA,2752875,1621772327,140,280800000,0.09928815,15.82,2828132058,0.001697448,9,8.76E-09,9.73E-10,48443,NA,12.42,802.1,867.9,924,1.01,2,1,1,NA,354.05,170,149.15,312,1.09,1.77,1390,24.4,1255.9,1545.5,0.11,NA,NA,81,0,NA,NA,NA,NA,NA,Spatial_Polygyny,Solitary,Bisexual
Piliocolobus_badius,Piliocolobus,badius,Cercopithecidae,EN,Threatened,MAINLAND_AFRICA,7286216,2304788522,8,12400000,0.004081014,29.15,3038460517,0.003161338,10,3.75E-09,3.75E-10,210756,NA,63.59,8360,8210,1018,1.557,49.4,9.4,18,1.91,660.65,151.41,783.93,NA,1,9.69,1614.6,26.1,1122.4,1554.7,0.42,0.55,0.7521,35,45,0,52,21,13,13,Polygynandry,Polygynandry,Bisexual
Piliocolobus_gordonorum,Piliocolobus,gordonorum,Cercopithecidae,VU,Threatened,MAINLAND_AFRICA,2180336,2400622392,225,703200000,0.231432989,28.71,3038460517,0.000908238,11,7.68E-09,6.98E-10,29565,NA,NA,NA,NA,NA,NA,NA,NA,NA,NA,NA,NA,NA,NA,NA,NA,NA,NA,NA,NA,NA,NA,NA,NA,NA,NA,NA,NA,NA,NA,NA,NA,NA
Piliocolobus_kirkii,Piliocolobus,kirkii,Cercopithecidae,EN,Threatened,MAINLAND_AFRICA,2108069,2388085387,91,195800000,0.064440528,27.69,3038460517,0.000882744,10,8.22E-09,8.22E-10,26847,NA,57.25,5800,5460,1062,2.526,32.4,2.6,13.45,5.17,NA,NA,NA,NA,1.01,NA,NA,NA,NA,NA,0.326,1.044,1.6205,21,64.5,0,45.5,29,9,11,NA,NA,NA
Piliocolobus_tephrosceles,Piliocolobus,tephrosceles,Cercopithecidae,EN,Threatened,MAINLAND_AFRICA,2686421,2400679718,83,162200000,0.053382296,29.42,3038460517,0.001119025,10,6.01E-09,6.01E-10,46548,NA,70.95,9559.6,7258,1317,NA,34,3.5,10,2.86,NA,NA,NA,NA,NA,NA,NA,NA,NA,NA,0.65,0.649,0.7134,NA,NA,NA,46,35,8.5,8.5,NA,NA,NA
Pithecia_albicans,Pithecia,albicans,Pitheciidae,LC,Unthreatened,AMERICAS,3579547,2408783772,25,39800000,0.014624612,36.22,2721439713,0.001486039,10,6.66E-09,6.66E-10,55782,NA,NA,NA,NA,NA,NA,NA,NA,NA,NA,NA,NA,NA,NA,NA,NA,NA,NA,NA,NA,NA,NA,NA,NA,NA,NA,NA,NA,NA,NA,NA,NA,NA
Pithecia_chrysocephala,Pithecia,chrysocephala,Pitheciidae,LC,Unthreatened,AMERICAS,5329096,2421339378,5,7800000,0.00286613,36,2721439713,0.002200888,10,4.97E-09,4.97E-10,110709,NA,NA,NA,NA,NA,NA,NA,NA,NA,NA,NA,NA,NA,NA,NA,NA,NA,NA,NA,NA,NA,NA,NA,NA,NA,NA,NA,NA,NA,NA,NA,NA,NA
Pithecia_hirsuta,Pithecia,hirsuta,Pitheciidae,LC,Unthreatened,AMERICAS,3639507.5,2399187796,19,51200000,0.018813571,39.08,2721439713,0.001516738,10,8.68E-09,8.68E-10,43685,NA,NA,NA,NA,NA,NA,NA,NA,NA,NA,NA,NA,NA,NA,NA,NA,NA,NA,NA,NA,NA,NA,NA,NA,NA,NA,NA,NA,NA,NA,NA,NA,NA
Pithecia_mittermeieri,Pithecia,mittermeieri,Pitheciidae,DD,DD,AMERICAS,2338138,2404057968,70,94400000,0.034687522,30.63,2721439713,0.00097258,10,8.34E-09,8.34E-10,29154,NA,NA,NA,NA,NA,NA,NA,NA,NA,NA,NA,NA,NA,NA,NA,NA,NA,NA,NA,NA,NA,NA,NA,NA,NA,NA,NA,NA,NA,NA,NA,NA,NA
Pithecia_pissinattii,Pithecia,pissinattii,Pitheciidae,DD,DD,AMERICAS,2959249,2385790057,87,141400000,0.051957793,27.03,2721439713,0.001245679,10,7.38E-09,7.38E-10,42198,NA,NA,NA,NA,NA,NA,NA,NA,NA,NA,NA,NA,NA,NA,NA,NA,NA,NA,NA,NA,NA,NA,NA,NA,NA,NA,NA,NA,NA,NA,NA,NA,NA
Pithecia_vanzolinii,Pithecia,vanzolinii,Pitheciidae,DD,DD,AMERICAS,3708643,2400774587,33,112800000,0.041448649,32.86,2721439713,0.001544769,10,1.07E-08,1.07E-09,36093,NA,NA,NA,NA,NA,NA,NA,NA,NA,NA,NA,NA,NA,NA,NA,NA,NA,NA,NA,NA,NA,NA,NA,NA,NA,NA,NA,NA,NA,NA,NA,NA,NA
Plecturocebus_bernhardi,Plecturocebus,bernhardi,Pitheciidae,LC,Unthreatened,AMERICAS,5712247,2214086081,26,39400000,0.014477631,28.1,2721439713,0.002579957,8,5.75E-09,7.19E-10,112172,NA,NA,NA,NA,NA,NA,NA,NA,NA,NA,NA,NA,NA,NA,NA,NA,NA,NA,NA,NA,NA,NA,NA,NA,NA,NA,NA,NA,NA,NA,NA,NA,NA
Plecturocebus_brunneus,Plecturocebus,brunneus,Pitheciidae,VU,Threatened,AMERICAS,4236223,2211661886,8,13600000,0.004997355,29.26,2721439713,0.001915983,8.8,9.03E-09,1.03E-09,53045,NA,NA,NA,NA,NA,NA,NA,NA,NA,NA,NA,NA,NA,NA,NA,NA,NA,NA,NA,NA,NA,NA,NA,NA,NA,NA,NA,NA,NA,NA,NA,NA,NA
Plecturocebus_caligatus,Plecturocebus,caligatus,Pitheciidae,LC,Unthreatened,AMERICAS,5156662,2224489077,22,71800000,0.026383094,29.32,2721439713,0.002376846,8,7.27E-09,9.09E-10,81735,NA,NA,NA,NA,NA,NA,NA,NA,NA,NA,NA,NA,NA,NA,NA,NA,NA,NA,NA,NA,NA,NA,NA,NA,NA,NA,NA,NA,NA,NA,NA,NA,NA
Plecturocebus_cinerascens,Plecturocebus,cinerascens,Pitheciidae,LC,Unthreatened,AMERICAS,6093989.5,2066614115,27.5,44900000,0.01649862,26.875,2721439713,0.002952423,8,5.35E-09,6.69E-10,137964,NA,NA,NA,NA,NA,NA,NA,NA,NA,NA,NA,NA,NA,NA,NA,NA,NA,NA,NA,NA,NA,NA,NA,NA,NA,NA,NA,NA,NA,NA,NA,NA,NA
Plecturocebus_cupreus,Plecturocebus,cupreus,Pitheciidae,LC,Unthreatened,AMERICAS,3790347,2223120203,107,210800000,0.077459,29.34,2721439713,0.001702099,8,7.83E-09,9.79E-10,54345,NA,NA,NA,NA,NA,NA,NA,NA,NA,NA,NA,NA,NA,NA,NA,NA,NA,NA,NA,NA,NA,NA,NA,NA,NA,NA,NA,NA,NA,NA,NA,NA,NA
Plecturocebus_dubius,Plecturocebus,dubius,Pitheciidae,LC,Unthreatened,AMERICAS,5738529,2207041661,18,43600000,0.016020932,24.22,2721439713,0.002615805,8,8.16E-09,1.02E-09,80141,NA,NA,NA,NA,NA,NA,NA,NA,NA,NA,NA,NA,NA,NA,NA,NA,NA,NA,NA,NA,NA,NA,NA,NA,NA,NA,NA,NA,NA,NA,NA,NA,NA
Plecturocebus_grovesi,Plecturocebus,grovesi,Pitheciidae,CR,Threatened,AMERICAS,2743829,2220595853,32,40600000,0.014918574,30.62,2721439713,0.001235627,8,6.76E-09,8.45E-10,45696,NA,NA,NA,NA,NA,NA,NA,NA,NA,NA,NA,NA,NA,NA,NA,NA,NA,NA,NA,NA,NA,NA,NA,NA,NA,NA,NA,NA,NA,NA,NA,NA,NA
Plecturocebus_hoffmannsi,Plecturocebus,hoffmannsi,Pitheciidae,DD,DD,AMERICAS,6930926,2222872202,9,19800000,0.007275561,33.8,2721439713,0.003118005,9,5.81E-09,6.46E-10,134165,NA,NA,1090,1030,1058,NA,NA,NA,NA,NA,NA,NA,NA,NA,1.02,-3.97,1584.1,25.8,1417.6,1610.4,NA,NA,NA,NA,NA,NA,NA,NA,NA,NA,NA,NA,NA
Plecturocebus_miltoni,Plecturocebus,miltoni,Pitheciidae,DD,DD,AMERICAS,4484799,2216672755,17,25200000,0.009259805,27.87,2721439713,0.002023212,8,5.18E-09,6.48E-10,97645,NA,NA,NA,NA,NA,NA,NA,NA,NA,NA,NA,NA,NA,NA,NA,NA,NA,NA,NA,NA,NA,NA,NA,NA,NA,NA,NA,NA,NA,NA,NA,NA,NA
Plecturocebus_moloch,Plecturocebus,moloch,Pitheciidae,LC,Unthreatened,AMERICAS,3069375,2222166967,7,9600000,0.003527545,26.3,2721439713,0.001381253,10,7.95E-09,7.95E-10,43436,NA,NA,1020,956,1067,1.079,3.3,1,1,1,365,163,58.85,303.6,1.01,-7.7,1740.3,24.6,1330.5,1530.3,0.07,0.55,1.8423,53.7,33,9,NA,NA,NA,NA,Monogamy,Pair,Bisexual
Pongo_abelii,Pongo,abelii,Hominidae,CR,Threatened,ASIA,6771397.5,2504089978,105,221000000,0.072103564,30.21,3065035716,0.002736353,25,1.47E-08,5.88E-10,46537,NA,389.5,84482.5,41148,2053,1.71,NA,NA,NA,NA,NA,NA,NA,NA,NA,NA,NA,NA,NA,NA,NA,NA,NA,NA,NA,NA,NA,NA,NA,NA,Spatial_Polygyny,Solitary,Bisexual
Pongo_pygmaeus,Pongo,pygmaeus,Hominidae,CR,Threatened,ASIA,4466027.5,2387853198,123.5,223000000,0.077807985,28.8,2866029761,0.001843457,25,1.28E-08,5.12E-10,36005,35.3,377.38,80136.9,36947.6,2169,1.693,2,1,1,1,2007.5,249,1088.8,720,1.07,1.33,2587,23.8,1676.6,1691.7,3.88,0.5,0.225,64,18,3,42.4,15.4,41,1.2,Spatial_Polygyny,Solitary,Bisexual
Presbytis_comata,Presbytis,comata,Cercopithecidae,EN,Threatened,ASIA,3236998,2453854892,47,68400000,0.0225114,31.01,3038460517,0.001319148,11,6.37E-09,5.79E-10,51772,NA,80.3,6680,6710,996,1.508,6,1.2,1.4,1.17,NA,NA,NA,NA,1,-6.77,2178.5,24.4,1588.5,1752.7,0.38,0.5,0.7188,14.2,65,NA,NA,NA,NA,NA,Harem_Polygyny,Polygyny,NA
Presbytis_mitrata,Presbytis,mitrata,Cercopithecidae,VU,Threatened,ASIA,4808743,2457449470,57,118200000,0.038901279,31.59,3038460517,0.001956802,11,6.45E-09,5.86E-10,75845,NA,NA,NA,NA,NA,NA,NA,NA,NA,NA,NA,NA,NA,NA,NA,NA,NA,NA,NA,NA,NA,NA,NA,NA,NA,NA,NA,NA,NA,NA,NA,NA,NA
Prolemur_simus,Prolemur,simus,Lemuridae,CR,Threatened,MADAGASCAR,5652892,1898393887,70,145400000,0.068508908,43.67,2122351751,0.002977723,10,4.07E-09,4.07E-10,182907,NA,NA,2150,1300,1654,NA,7,1,1,1,NA,142,NA,144,1,-21.76,1746.4,18.9,1334.9,1505.3,0.62,NA,NA,NA,NA,NA,30.6,20.3,33.6,NA,NA,Polygynandry,Bisexual
Propithecus_coquereli,Propithecus,coquereli,Indriidae,CR,Threatened,MADAGASCAR,10420209,1853505458,58,125800000,0.044958242,33.23,2798152141,0.005621893,10,8.64E-09,8.64E-10,162671,NA,30.19,3700,3757,985,NA,5.5,NA,NA,1.45,365,140.99,180.96,NA,1,-15.49,1347.9,25.1,982.6,1753,NA,NA,NA,NA,NA,NA,NA,NA,NA,NA,NA,Polygynandry,Bisexual
Propithecus_coronatus,Propithecus,coronatus,Indriidae,CR,Threatened,MADAGASCAR,8464588,1842812809,119,369200000,0.131944219,26.76,2798152141,0.004593298,10,4.18E-09,4.18E-10,274719,NA,NA,NA,NA,NA,NA,NA,NA,NA,NA,NA,NA,NA,NA,NA,NA,NA,NA,NA,NA,NA,NA,NA,NA,NA,NA,NA,NA,NA,NA,NA,NA,NA
Propithecus_diadema,Propithecus,diadema,Indriidae,CR,Threatened,MADAGASCAR,6940642,1770070140,133,295200000,0.105498195,45.135,2798152141,0.003928789,10,5.40E-09,5.40E-10,181888,NA,39.8,6050,6210,974,0.88,5.38,1,1.25,1.25,745.2,157,256.27,NA,1.01,-17,1838.3,19.8,1343.2,1613.8,0.21,NA,NA,15.1,48.8,0,25,23,47,5,Polygynandry,Polygynandry,Bisexual
Propithecus_edwardsi,Propithecus,edwardsi,Indriidae,EN,Threatened,MADAGASCAR,3696850,1822736120,70,149400000,0.053392379,34.55,2798152141,0.002028187,10,4.45E-09,4.45E-10,113943,NA,39.49,5468.8,5895,928,NA,4.6,1.46,1.44,0.99,NA,NA,NA,NA,NA,-21.39,1672.6,18.3,1329,1496.3,0.004,NA,NA,30.4,28.2,0,NA,NA,NA,NA,NA,Polygynandry,Bisexual
Propithecus_perrieri,Propithecus,perrieri,Indriidae,CR,Threatened,MADAGASCAR,5274478.5,1822048698,191,509800000,0.182191666,32.225,2798152141,0.002894804,9.85,5.92E-09,6.01E-10,122247,NA,NA,NA,NA,NA,NA,NA,NA,NA,NA,NA,NA,NA,NA,NA,NA,NA,NA,NA,NA,NA,NA,NA,NA,NA,NA,NA,NA,NA,NA,NA,NA,NA
Propithecus_tattersalli,Propithecus,tattersalli,Indriidae,CR,Threatened,MADAGASCAR,3597481,1841662256,238,757000000,0.270535683,32.15,2798152141,0.001953388,9,4.60E-09,5.11E-10,106162,NA,NA,3390,3590,944,NA,4.1,NA,NA,0.83,NA,NA,152.13,240,NA,-13.08,1044.9,25.2,1149,1476,0.06,NA,NA,46.2,38.7,0,NA,NA,NA,NA,NA,Polygynandry,Bisexual
Propithecus_verreauxi,Propithecus,verreauxi,Indriidae,CR,Threatened,MADAGASCAR,9940146,1810216509,60,121400000,0.043385775,32.91,2798152141,0.005491137,10,8.22E-09,8.22E-10,167005,3.24,26.21,2930,2980,983,1.061,5,1.7,2.8,1.65,365,148,177.83,247.2,1.02,-22.63,581.3,23.5,800.5,1657.3,0.03,0.85,4.3491,24,65,0,NA,NA,NA,3.8,Polygynandry,Polygynandry,Bisexual
Pygathrix_cinerea,Pygathrix,cinerea,Cercopithecidae,CR,Threatened,ASIA,4230031,2497543931,29,61800000,0.020339247,28.51,3038460517,0.001705516,12,1.03E-08,8.58E-10,41396,NA,NA,NA,NA,NA,NA,NA,NA,NA,NA,NA,NA,NA,NA,NA,NA,NA,NA,NA,NA,NA,NA,NA,NA,NA,NA,NA,NA,NA,NA,NA,NA,NA
Pygathrix_nemaeus,Pygathrix,nemaeus,Cercopithecidae,CR,Threatened,ASIA,3714833,2496508899,44,91800000,0.030212668,28.78,3038460517,0.001488011,11,8.58E-09,7.80E-10,43357,8.4,91.41,11000,8440,1303,2.108,9.3,1.3,3.7,2.85,430.7,171,330,300,1.01,16.63,1895.3,22.5,1211.2,1472.1,NA,NA,NA,14,82,NA,NA,NA,NA,NA,Harem_Polygyny,Polygynandry,Bisexual
Pygathrix_nigripes,Pygathrix,nigripes,Cercopithecidae,CR,Threatened,ASIA,4209275.5,2460636056,24.5,45300000,0.014908866,25.2,3038460517,0.001710622,12,7.25E-09,6.04E-10,58987,NA,NA,NA,NA,NA,NA,NA,NA,NA,NA,NA,NA,NA,NA,NA,NA,NA,NA,NA,NA,NA,NA,NA,NA,NA,NA,NA,NA,NA,NA,NA,NA,NA
Rhinopithecus_bieti,Rhinopithecus,bieti,Cercopithecidae,EN,Threatened,ASIA,958793,2292186700,314,525600000,0.172982337,26.56,3038460517,0.000418287,13,5.17E-09,3.98E-10,20227,NA,NA,NA,NA,NA,NA,NA,NA,NA,NA,NA,170,NA,NA,NA,28.69,1820.9,2.6,792.1,1018.5,0.25,1.31,0.2322,NA,86,NA,NA,NA,NA,13.1,NA,Polygyny,Bisexual
Rhinopithecus_roxellana,Rhinopithecus,roxellana,Cercopithecidae,EN,Threatened,ASIA,1094109,2660640897,207,834000000,0.274481105,33.84,3038460517,0.00041122,13,4.88E-09,3.75E-10,21067,NA,117.76,17900,11600,1543,2.508,NA,NA,NA,NA,NA,199.34,NA,354,1,32.32,734,9,749.4,870.6,24.28,NA,NA,NA,NA,NA,NA,NA,NA,NA,NA,Polygynandry,Bisexual
Saguinus_bicolor,Saguinus,bicolor,Callitrichidae,CR,Threatened,AMERICAS,2671976,2438619190,159,520400000,0.175294853,24.33,2968712378,0.001095692,6,5.36E-09,8.93E-10,51105,NA,NA,428,430,995,NA,7.5,NA,NA,NA,NA,160,NA,228,2,-1.74,1299.9,26.2,1446.9,1659.3,NA,NA,NA,NA,NA,NA,NA,NA,NA,NA,NA,NA,NA
Saguinus_imperator,Saguinus,imperator,Callitrichidae,LC,Unthreatened,AMERICAS,5180835,2305817722,86,174600000,0.058813377,24.41,2968712378,0.002246854,8,5.86E-09,7.33E-10,95856,NA,NA,474,475,998,NA,7,1,1,1,NA,145,NA,242.4,2,-9.23,2127.9,24.9,1499.1,1570.9,0.22,2.06,3.8922,NA,NA,NA,NA,NA,NA,NA,NA,Pair,Bisexual
Saguinus_labiatus,Saguinus,labiatus,Callitrichidae,LC,Unthreatened,AMERICAS,3014168.5,2357366108,25,73300000,0.024690839,25.12,2968712378,0.001277905,7,5.62E-09,8.03E-10,56846,NA,NA,NA,NA,NA,NA,NA,NA,NA,NA,NA,NA,NA,NA,NA,NA,NA,NA,NA,NA,NA,NA,NA,NA,NA,NA,NA,NA,NA,NA,NA,NA,NA
Saguinus_midas,Saguinus,midas,Callitrichidae,LC,Unthreatened,AMERICAS,5600998,2331846474,38,57800000,0.01946972,25.51,2968712378,0.002401958,7,6.16E-09,8.80E-10,97482,1.83,9.78,535,591,905,0.991,NA,NA,NA,NA,206.83,127,69.6,184.8,2.02,-0.17,1606.8,25.3,1441.5,1667,0.05,NA,NA,NA,NA,NA,NA,NA,NA,NA,Polyandry,Pair,Bisexual
Saguinus_mystax,Saguinus,mystax,Callitrichidae,LC,Unthreatened,AMERICAS,3476984,2371790639,144,587600000,0.197930929,26.87,2968712378,0.001465974,7,5.74E-09,8.20E-10,63849,NA,11.09,629.3,538,1170,NA,7,2.2,2,0.91,168.5,145,NA,240,1.93,-6.23,1948.5,25.6,1532.1,1569.1,0.21,1.85,3.5777,NA,NA,NA,25,29.6,27.2,4.7,NA,NA,NA
Saguinus_oedipus,Saguinus,oedipus,Callitrichidae,CR,Threatened,AMERICAS,1814318,2272737469,21,23400000,0.007882205,28.64,2968712378,0.000798296,6,4.82E-09,8.03E-10,41405,3.4,9.76,416.6,445.1,936,1,5.8,2.7,1.7,0.63,233.06,178,49.85,277.2,1.9,9.22,1202.9,26.3,1367.1,1586.1,0.06,1.9,6.8742,NA,5,37,NA,NA,NA,NA,Polyandry,Pair,Bisexual
Saimiri_cassiquiarensis,Saimiri,cassiquiarensis,Cebidae,LC,Unthreatened,AMERICAS,3109852,2093908502,76,171000000,0.059489802,27.02,2874442237,0.001490483,9,6.25E-09,6.94E-10,59619,NA,NA,NA,NA,NA,NA,NA,NA,NA,NA,NA,NA,NA,NA,NA,NA,NA,NA,NA,NA,NA,NA,NA,NA,NA,NA,NA,NA,NA,NA,NA,NA,NA
Saimiri_macrodon,Saimiri,macrodon,Cebidae,DD,DD,AMERICAS,3974298,2070385973,46,95600000,0.033258626,27.14,2874442237,0.00192093,9,4.10E-09,4.56E-10,117130,NA,NA,NA,NA,NA,NA,NA,NA,NA,NA,NA,NA,NA,NA,NA,NA,NA,NA,NA,NA,NA,NA,NA,NA,NA,NA,NA,NA,NA,NA,NA,Polygynandry,NA
Saimiri_ustus,Saimiri,ustus,Cebidae,NT,Unthreatened,AMERICAS,1804047,2073879438,40,66200000,0.023030555,27.63,2874442237,0.000871765,8,4.46E-09,5.58E-10,48866,NA,NA,NA,NA,NA,NA,NA,NA,NA,NA,NA,NA,NA,NA,NA,NA,NA,NA,NA,NA,NA,NA,NA,NA,NA,NA,NA,NA,NA,NA,NA,NA,NA
Sapajus_apella,Sapajus,apella,Cebidae,LC,Unthreatened,AMERICAS,3980626,2422512618,119,259800000,0.093979136,29.48,2764443388,0.001643793,15,1.41E-08,9.40E-10,29145,9.1,66.63,3382.8,2489.1,1359,1.455,12.9,3.6,4.9,1.36,657,158,263.12,541.2,1.05,-10.77,1541.9,24.1,1291.8,1516.9,0.88,2.1,1.9839,52,10,20,52.7,NA,NA,9.9,Polygynandry,Polygynandry,Sexbiased
Sapajus_macrocephalus,Sapajus,macrocephalus,Cebidae,DD,DD,AMERICAS,3770624.5,2421765141,62,138800000,0.050209022,29.865,2764443388,0.001581607,15,4.24E-09,2.83E-10,93255,NA,NA,NA,NA,NA,NA,NA,NA,NA,NA,NA,NA,NA,NA,NA,NA,NA,NA,NA,NA,NA,NA,NA,NA,NA,NA,NA,NA,NA,NA,NA,NA,NA
Semnopithecus_entellus,Semnopithecus,entellus,Cercopithecidae,LC,Unthreatened,ASIA,2191733,2449510983,103,202600000,0.066678503,26.72,3038460517,0.000891067,10,5.56E-09,5.56E-10,40066,11.1,110.93,18144,11340,1600,2.058,30.2,1.8,11.5,6.39,507.95,192,402.1,300,1.02,23.49,788.2,25.4,652.8,1435.8,1.3,0.5,0.3886,52,51,2,25.7,13.1,41.8,7.4,Harem_Polygyny,Polygynandry,Bisexual
Semnopithecus_hypoleucos,Semnopithecus,hypoleucos,Cercopithecidae,LC,Unthreatened,ASIA,4608306.5,2448578990,125,276700000,0.091065853,36.035,3038460517,0.001880112,11,4.86E-09,4.42E-10,96714,NA,NA,NA,NA,NA,NA,NA,NA,NA,NA,NA,NA,NA,NA,NA,NA,NA,NA,NA,NA,NA,NA,NA,NA,NA,NA,NA,NA,NA,NA,NA,NA,NA
Semnopithecus_johnii,Semnopithecus,johnii,Cercopithecidae,VU,Threatened,ASIA,4780241,2457222618,76.5,435700000,0.143394985,27.375,3038460517,0.001945373,12,5.14E-09,4.28E-10,94619,NA,84.6,12000,11200,1071,NA,NA,1.3,3.1,2.38,NA,NA,NA,408,1.02,10.75,1280.4,25.7,1126.2,1577.6,0.08,NA,NA,25,52,NA,NA,NA,NA,NA,Harem_Polygyny,Polygynandry,Bisexual
Semnopithecus_priam,Semnopithecus,priam,Cercopithecidae,NT,Unthreatened,ASIA,4490031,2443371410,115,441600000,0.145336758,26.59,3038460517,0.001837638,12,5.67E-09,4.73E-10,81025,NA,NA,NA,NA,NA,NA,NA,NA,NA,NA,NA,NA,NA,NA,NA,NA,NA,NA,NA,NA,NA,NA,NA,NA,NA,NA,NA,NA,NA,NA,NA,NA,NA
Semnopithecus_schistaceus,Semnopithecus,schistaceus,Cercopithecidae,LC,Unthreatened,ASIA,1392905.5,2434854087,379,783400000,0.257827935,30.14,3038460517,0.000571548,12,6.30E-09,5.25E-10,22680,NA,NA,NA,NA,NA,NA,NA,NA,NA,NA,NA,NA,NA,NA,NA,NA,NA,NA,NA,NA,NA,NA,NA,NA,NA,NA,NA,NA,NA,NA,NA,NA,NA
Semnopithecus_vetulus,Semnopithecus,vetulus,Cercopithecidae,EN,Threatened,ASIA,5744594,2454109498,50,89000000,0.029291149,26.52,3038460517,0.002340806,12,4.67E-09,3.89E-10,125311,NA,61.29,7371,5103,1444,1.791,7.9,1,3.8,3.8,783.83,211,245.78,276,1.01,8.03,1434.1,25.8,1544.4,1644.5,0.02,NA,NA,28,60,NA,NA,NA,NA,NA,Harem_Polygyny,Polygyny,NA
Theropithecus_gelada,Theropithecus,gelada,Cercopithecidae,LC,Unthreatened,MAINLAND_AFRICA,1233995,2548735444,256,960400000,0.332362715,29.03,2889614139,0.00048416,12,4.39E-09,3.66E-10,27572,19.3,133.33,19000,11700,1624,3.229,10,1.5,4.1,2.73,766.5,168,494.95,336,1.01,10.95,924.9,17.3,900.3,1483.3,1.16,2.5,2.0571,26,94,0,47.7,17.5,15.1,18.3,Harem_Polygyny,Polygynandry,Sexbiased
Trachypithecus_auratus,Trachypithecus,auratus,Cercopithecidae,VU,Threatened,ASIA,2687478,2456374200,44,296000000,0.097417754,25.96,3038460517,0.001094083,12,9.16E-09,7.63E-10,29860,NA,NA,NA,NA,NA,NA,14.5,1.2,7.4,6.17,NA,NA,NA,373.2,NA,-7.41,2012,24.4,1370.4,1640.8,0.03,NA,NA,32.3,47,NA,25.5,15,50.5,2.5,NA,Polygyny,Bisexual
Trachypithecus_crepusculus,Trachypithecus,crepusculus,Cercopithecidae,DD,DD,ASIA,2448057,2459281686,233,548400000,0.180486137,29.59,3038460517,0.000995436,12,5.96E-09,4.97E-10,41755,NA,NA,NA,NA,NA,NA,NA,NA,NA,NA,NA,NA,NA,NA,NA,NA,NA,NA,NA,NA,NA,NA,NA,NA,NA,NA,NA,NA,NA,NA,NA,NA,NA
Trachypithecus_cristatus,Trachypithecus,cristatus,Cercopithecidae,VU,Threatened,ASIA,2141617,2454248424,184,404800000,0.133225361,28.46,3038460517,0.000872616,12,8.90E-09,7.42E-10,24512,6.3,57.86,6728.1,6059.7,1110,1.697,32.4,1,15.6,15.6,NA,NA,362.93,373.2,1.01,0.54,2428.6,25,1682.1,1747.3,0.12,0.35,0.8954,NA,91,0,NA,NA,NA,NA,Harem_Polygyny,Polygynandry,Bisexual
Trachypithecus_francoisi,Trachypithecus,francoisi,Cercopithecidae,EN,Threatened,ASIA,2130408,2425387485,18,27400000,0.009017725,19.65,3038460517,0.000878378,12,7.20E-09,6.00E-10,30499,3.98,NA,NA,NA,NA,NA,NA,NA,NA,NA,NA,NA,NA,NA,NA,NA,NA,NA,NA,NA,NA,NA,NA,NA,NA,NA,NA,NA,NA,NA,NA,Polygyny,Bisexual
Trachypithecus_geei,Trachypithecus,geei,Cercopithecidae,EN,Threatened,ASIA,1183515.5,2456833921,347,649500000,0.213759566,25.65,3038460517,0.00048177,12,2.53E-09,2.11E-10,47606,NA,81.3,10800,9500,1137,NA,13.3,1.7,5.4,3.18,NA,NA,NA,NA,1.02,26.79,1479.1,17.6,1040.9,1243.1,2.22,NA,NA,NA,NA,NA,NA,NA,NA,NA,NA,Polygyny,NA
Trachypithecus_germaini,Trachypithecus,germaini,Cercopithecidae,EN,Threatened,ASIA,4862126,2450230315,22,38000000,0.012506333,26.88,3038460517,0.001984355,12,6.68E-09,5.57E-10,74265,NA,NA,NA,NA,NA,NA,NA,NA,NA,NA,NA,NA,NA,NA,NA,NA,NA,NA,NA,NA,NA,NA,NA,NA,NA,NA,NA,NA,NA,NA,NA,NA,NA
Trachypithecus_hatinhensis,Trachypithecus,hatinhensis,Cercopithecidae,EN,Threatened,ASIA,2479502,2440553050,76,205600000,0.067665846,22.37,3038460517,0.001015959,12,9.32E-09,7.77E-10,27252,NA,NA,NA,NA,NA,NA,NA,NA,NA,NA,NA,NA,NA,NA,NA,NA,NA,NA,NA,NA,NA,NA,NA,NA,NA,NA,NA,NA,NA,NA,NA,NA,NA
Trachypithecus_laotum,Trachypithecus,laotum,Cercopithecidae,EN,Threatened,ASIA,2388361,2456839043,161,462000000,0.152050684,29.2,3038460517,0.000972128,11,8.43E-09,7.66E-10,28829,NA,NA,NA,NA,NA,NA,NA,NA,NA,NA,NA,NA,NA,NA,NA,NA,NA,NA,NA,NA,NA,NA,NA,NA,NA,NA,NA,NA,NA,NA,NA,NA,NA
Trachypithecus_leucocephalus,Trachypithecus,leucocephalus,Cercopithecidae,CR,Threatened,ASIA,1061123,2406730356,511,1083600000,0.356627968,35.21,3038460517,0.000440898,12,1.10E-08,9.17E-10,10020,NA,NA,NA,NA,NA,NA,NA,NA,NA,NA,NA,NA,NA,NA,NA,NA,NA,NA,NA,NA,NA,NA,NA,NA,NA,NA,NA,NA,NA,NA,NA,NA,NA
Trachypithecus_melamera,Trachypithecus,melamera,Cercopithecidae,EN,Threatened,ASIA,2708017,2286740882,56,107200000,0.035281025,19.2,3038460517,0.001184226,12,5.76E-09,4.80E-10,51399,NA,NA,NA,NA,NA,NA,NA,NA,NA,NA,NA,NA,NA,NA,NA,NA,NA,NA,NA,NA,NA,NA,NA,NA,NA,NA,NA,NA,NA,NA,NA,NA,NA
Trachypithecus_obscurus,Trachypithecus,obscurus,Cercopithecidae,EN,Threatened,ASIA,4686885,2450810192,2,4000000,0.001316456,28.94,3038460517,0.001912382,12,5.53E-09,4.61E-10,86455,5.82,62.12,7346.9,6764.8,1086,1.814,10.2,2.5,7,2.8,NA,145,362.93,300,1.01,6.82,2019.8,25.5,1624.5,1834.8,0.33,0.48,0.7405,35,58,NA,NA,NA,NA,NA,Harem_Polygyny,Polygynandry,Bisexual
Trachypithecus_phayrei,Trachypithecus,phayrei,Cercopithecidae,EN,Threatened,ASIA,1662603,2458688831,243,446400000,0.146916505,40.73,3038460517,0.000676215,12,6.97E-09,5.81E-10,24254,NA,72.84,7767.8,7182,1082,NA,NA,NA,NA,NA,456.25,167,305.87,339.6,1,20.48,1458.7,21.3,1055.7,1419.1,0.958,1,0.9054,37,46,NA,NA,NA,NA,NA,Harem_Polygyny,Polygyny,Bisexual
Trachypithecus_pileatus,Trachypithecus,pileatus,Cercopithecidae,VU,Threatened,ASIA,3181215,2441197561,45,99000000,0.032582289,66.8,3038460517,0.001303137,12,1.04E-08,8.67E-10,31325,NA,103.64,12247,11340,1080,1.887,7.8,1.05,3.55,3.38,NA,NA,NA,302.4,NA,24.83,1903.1,20.3,1063.8,1264.7,0.43,0.325,0.4392,34,53,NA,NA,NA,NA,NA,Harem_Polygyny,Polygyny,Bisexual
Varecia_rubra,Varecia,rubra,Lemuridae,CR,Threatened,MADAGASCAR,3241933,1791314003,69,153200000,0.072184076,48.8,2122351751,0.001809807,8,3.63E-09,4.54E-10,124642,NA,31.08,3600,3340,1078,NA,4.19,NA,NA,NA,NA,NA,NA,NA,NA,NA,NA,NA,NA,NA,NA,NA,NA,86,4,0,NA,NA,NA,NA,NA,Polygynandry,Sexbiased
Varecia_variegata,Varecia,variegata,Lemuridae,CR,Threatened,MADAGASCAR,4407044,1709146136,6,7800000,0.003675168,42.27,2122351751,0.002578506,6.5,2.64E-09,4.06E-10,244177,NA,32.12,3630,3520,1031,1.038,2.8,2.5,1.42,0.57,365,99,90.73,384,2.16,-19.18,1885.8,19.9,1351.4,1564,1.39,1.021,0.7675,90,6,0,26.78,13.2,53.03,3.5,Monogamy,Pair,Sexbiased